timestamp,date,price_usd,volume_usd,market_cap_usd,source,fetch_timestamp
2025-08-15 00:02:53.512,2025-08-15,117846.8293927414,78260521873.39708,2347047075423.965,coingecko,2025-09-19 16:55:24.471399
2025-08-15 01:03:28.287,2025-08-15,117907.69961243957,73989576616.43369,2345928201403.3716,coingecko,2025-09-19 16:55:24.471399
2025-08-15 02:02:08.088,2025-08-15,118140.15175629064,77386193412.41045,2351987645014.6626,coingecko,2025-09-19 16:55:24.471399
2025-08-15 03:03:14.751,2025-08-15,117999.92193421233,76945613963.45161,2352458136160.3945,coingecko,2025-09-19 16:55:24.471399
2025-08-15 04:01:49.666,2025-08-15,117972.50058212507,71516429119.22899,2349133552427.1196,coingecko,2025-09-19 16:55:24.471399
2025-08-15 05:02:56.603,2025-08-15,117848.00060956631,76608552943.05684,2345814630996.173,coingecko,2025-09-19 16:55:24.471399
2025-08-15 06:03:09.940,2025-08-15,118327.47253939268,73193091785.09883,2355846719805.7573,coingecko,2025-09-19 16:55:24.471399
2025-08-15 07:03:27.613,2025-08-15,118387.76940297017,68707152125.851295,2356901744933.2793,coingecko,2025-09-19 16:55:24.471399
2025-08-15 08:00:38.512,2025-08-15,118319.47330275648,66097785012.41584,2355664274543.562,coingecko,2025-09-19 16:55:24.471399
2025-08-15 09:01:36.429,2025-08-15,118766.71007333513,68714119802.955894,2364743179231.719,coingecko,2025-09-19 16:55:24.471399
2025-08-15 10:00:36.953,2025-08-15,118785.93318559029,69280177536.6125,2365009614997.8105,coingecko,2025-09-19 16:55:24.471399
2025-08-15 11:01:48.855,2025-08-15,119049.72027859472,68560101766.383354,2369250519659.269,coingecko,2025-09-19 16:55:24.471399
2025-08-15 12:03:19.015,2025-08-15,118938.14472096805,64049610802.277466,2367943703496.4624,coingecko,2025-09-19 16:55:24.471399
2025-08-15 13:01:35.001,2025-08-15,119044.65802389507,67821446013.349915,2365220673258.208,coingecko,2025-09-19 16:55:24.471399
2025-08-15 14:02:27.043,2025-08-15,119160.51538435975,65356839921.8251,2372351353481.2773,coingecko,2025-09-19 16:55:24.471399
2025-08-15 15:03:03.800,2025-08-15,119084.85197497487,69275101347.75339,2368273951418.174,coingecko,2025-09-19 16:55:24.471399
2025-08-15 16:03:08.736,2025-08-15,118970.54631253434,67874122918.03191,2368372225188.5093,coingecko,2025-09-19 16:55:24.471399
2025-08-15 17:02:57.439,2025-08-15,118856.5972093437,66978135231.00775,2363587763661.8975,coingecko,2025-09-19 16:55:24.471399
2025-08-15 18:00:30.668,2025-08-15,118971.70611595799,65031168268.30993,2368943305518.524,coingecko,2025-09-19 16:55:24.471399
2025-08-15 19:03:30.173,2025-08-15,119094.80293447574,63725302452.57892,2370777684348.175,coingecko,2025-09-19 16:55:24.471399
2025-08-15 20:00:48.512,2025-08-15,118775.09135434593,56971967557.917946,2364396614946.977,coingecko,2025-09-19 16:55:24.471399
2025-08-15 21:03:32.043,2025-08-15,117912.93866816521,50060115904.47089,2351114751279.778,coingecko,2025-09-19 16:55:24.471399
2025-08-15 22:02:41.037,2025-08-15,117387.54999240847,49411110804.28237,2336574161911.727,coingecko,2025-09-19 16:55:24.471399
2025-08-15 23:00:23.626,2025-08-15,117367.4347951849,50339895824.663864,2331346557877.1323,coingecko,2025-09-19 16:55:24.471399
2025-08-16 00:01:08.736,2025-08-16,117407.49931529992,47847219866.87938,2335801338927.9927,coingecko,2025-09-19 16:55:24.471399
2025-08-16 01:01:04.967,2025-08-16,117670.62799352725,48546015815.000656,2341953180310.6006,coingecko,2025-09-19 16:55:24.471399
2025-08-16 02:02:05.799,2025-08-16,117219.33341108754,47645326089.25991,2333588402315.061,coingecko,2025-09-19 16:55:24.471399
2025-08-16 03:02:43.522,2025-08-16,117000.41118669232,47063147150.000656,2329106710421.526,coingecko,2025-09-19 16:55:24.471399
2025-08-16 04:02:56.579,2025-08-16,117371.50148995162,46168343632.34182,2336433430863.932,coingecko,2025-09-19 16:55:24.471399
2025-08-16 05:03:06.651,2025-08-16,117372.65388438936,44695237741.9624,2336752569243.1514,coingecko,2025-09-19 16:55:24.471399
2025-08-16 06:06:02.115,2025-08-16,117805.21195916239,41269028577.39868,2344344633464.305,coingecko,2025-09-19 16:55:24.471399
2025-08-16 07:00:46.219,2025-08-16,117396.51852350791,44195309908.176605,2335290383260.173,coingecko,2025-09-19 16:55:24.471399
2025-08-16 08:03:07.981,2025-08-16,117800.72549274012,43685967849.247055,2345048322517.9575,coingecko,2025-09-19 16:55:24.471399
2025-08-16 09:03:08.130,2025-08-16,117954.97333880374,43877900898.17994,2348008993740.879,coingecko,2025-09-19 16:55:24.471399
2025-08-16 10:02:51.235,2025-08-16,117569.54211594824,43086641024.218254,2340613537997.707,coingecko,2025-09-19 16:55:24.471399
2025-08-16 11:02:57.432,2025-08-16,117533.98734372148,42259501701.47694,2339562179242.2905,coingecko,2025-09-19 16:55:24.471399
2025-08-16 12:02:25.789,2025-08-16,117903.7017188172,38228895069.26985,2347622216849.743,coingecko,2025-09-19 16:55:24.471399
2025-08-16 13:07:20.248,2025-08-16,117696.32142573298,41051836332.561325,2342830720398.573,coingecko,2025-09-19 16:55:24.471399
2025-08-16 14:07:25.451,2025-08-16,117451.02331171713,40453329487.21808,2339198461707.8457,coingecko,2025-09-19 16:55:24.471399
2025-08-16 15:03:10.562,2025-08-16,117663.79245540539,40336540998.330215,2342309486917.1396,coingecko,2025-09-19 16:55:24.471399
2025-08-16 16:01:13.697,2025-08-16,117657.13593094652,39974706539.33603,2342840623957.3657,coingecko,2025-09-19 16:55:24.471399
2025-08-16 17:02:09.908,2025-08-16,117411.10125498683,40346599234.85132,2340471353511.1113,coingecko,2025-09-19 16:55:24.471399
2025-08-16 18:02:54.351,2025-08-16,117466.55165291626,39711758469.982864,2338213158202.3057,coingecko,2025-09-19 16:55:24.471399
2025-08-16 19:03:25.410,2025-08-16,117448.5772878559,40046541951.517654,2338124833772.145,coingecko,2025-09-19 16:55:24.471399
2025-08-16 20:02:47.207,2025-08-16,117816.83364875686,38768119555.74799,2345497623843.92,coingecko,2025-09-19 16:55:24.471399
2025-08-16 21:03:24.481,2025-08-16,117711.81257679683,33447988735.289047,2343063305405.6543,coingecko,2025-09-19 16:55:24.471399
2025-08-16 22:00:39.179,2025-08-16,117817.33458730514,34465941057.82072,2345409653722.3364,coingecko,2025-09-19 16:55:24.471399
2025-08-16 23:02:51.110,2025-08-16,117745.29749254188,30479606538.968193,2344280878959.3994,coingecko,2025-09-19 16:55:24.471399
2025-08-17 00:00:44.831,2025-08-17,117821.00630637373,27070288706.322876,2345490959477.8438,coingecko,2025-09-19 16:55:24.471399
2025-08-17 01:05:53.900,2025-08-17,117763.14050380496,27140513931.15808,2344297429973.3794,coingecko,2025-09-19 16:55:24.471399
2025-08-17 02:03:10.389,2025-08-17,117748.69876342453,26151422407.901424,2343936787440.9697,coingecko,2025-09-19 16:55:24.471399
2025-08-17 03:02:05.909,2025-08-17,117734.22808778555,24783316758.07552,2344244015423.3013,coingecko,2025-09-19 16:55:24.471399
2025-08-17 04:02:29.270,2025-08-17,117709.02188428598,24284146947.68263,2343638689173.9326,coingecko,2025-09-19 16:55:24.471399
2025-08-17 05:02:53.272,2025-08-17,117503.9270349045,24230349699.68281,2340135382379.651,coingecko,2025-09-19 16:55:24.471399
2025-08-17 06:07:33.282,2025-08-17,117484.75585417039,23794931994.61549,2338939503495.187,coingecko,2025-09-19 16:55:24.471399
2025-08-17 07:05:46.326,2025-08-17,117397.54362420287,23184873267.620586,2338827727300.663,coingecko,2025-09-19 16:55:24.471399
2025-08-17 08:02:58.518,2025-08-17,117369.57653063927,22333955319.068207,2336319794701.8477,coingecko,2025-09-19 16:55:24.471399
2025-08-17 09:02:44.298,2025-08-17,117521.58845065876,20620663106.76984,2339266906095.181,coingecko,2025-09-19 16:55:24.471399
2025-08-17 10:02:14.587,2025-08-17,117663.3727826123,21494498515.102337,2341725076182.4966,coingecko,2025-09-19 16:55:24.471399
2025-08-17 11:00:02.408,2025-08-17,117784.9202897309,19721262226.493782,2345128872938.2812,coingecko,2025-09-19 16:55:24.471399
2025-08-17 12:00:35.889,2025-08-17,118146.94391682425,21428978699.29996,2353130889779.353,coingecko,2025-09-19 16:55:24.471399
2025-08-17 13:03:06.372,2025-08-17,118082.79247968765,21300267300.910324,2350720510599.619,coingecko,2025-09-19 16:55:24.471399
2025-08-17 14:02:45.641,2025-08-17,118027.58938661608,21044944087.18575,2348847481051.322,coingecko,2025-09-19 16:55:24.471399
2025-08-17 15:02:27.972,2025-08-17,118094.96996974589,20670997887.011875,2350107482288.9443,coingecko,2025-09-19 16:55:24.471399
2025-08-17 16:00:50.982,2025-08-17,118375.95123513404,21001865564.879364,2356023149156.1865,coingecko,2025-09-19 16:55:24.471399
2025-08-17 17:02:59.374,2025-08-17,118348.89228201286,21320633369.059124,2356616661395.9077,coingecko,2025-09-19 16:55:24.471399
2025-08-17 18:02:50.913,2025-08-17,118359.5056951518,20117587454.892338,2356074143752.921,coingecko,2025-09-19 16:55:24.471399
2025-08-17 19:03:07.021,2025-08-17,118384.92193419846,19832211437.816414,2356074416563.036,coingecko,2025-09-19 16:55:24.471399
2025-08-17 20:02:11.175,2025-08-17,118185.47472943665,19726143680.68364,2354346305899.3086,coingecko,2025-09-19 16:55:24.471399
2025-08-17 21:02:36.364,2025-08-17,118451.62072881311,19328239424.646633,2358800117116.361,coingecko,2025-09-19 16:55:24.471399
2025-08-17 22:02:16.029,2025-08-17,118213.36966862573,19304050553.922386,2353437692243.882,coingecko,2025-09-19 16:55:24.471399
2025-08-17 23:03:18.243,2025-08-17,118303.92136200068,19240173212.095814,2354296736053.8125,coingecko,2025-09-19 16:55:24.471399
2025-08-18 00:00:26.969,2025-08-18,118019.83988133041,19729043891.98422,2350306769363.359,coingecko,2025-09-19 16:55:24.471399
2025-08-18 01:03:13.393,2025-08-18,117975.7857182899,19869844426.65686,2348615430882.7803,coingecko,2025-09-19 16:55:24.471399
2025-08-18 02:02:14.870,2025-08-18,117800.3890012445,20323457770.61986,2345157327240.8335,coingecko,2025-09-19 16:55:24.471399
2025-08-18 03:03:19.090,2025-08-18,117659.9232573146,20858980140.990505,2342627303035.8384,coingecko,2025-09-19 16:55:24.471399
2025-08-18 04:02:23.419,2025-08-18,117744.57938981004,20810344457.40564,2344186280734.1543,coingecko,2025-09-19 16:55:24.471399
2025-08-18 05:03:22.102,2025-08-18,117792.21371595125,20825403826.175056,2344460318545.236,coingecko,2025-09-19 16:55:24.471399
2025-08-18 06:01:54.800,2025-08-18,118004.76868885547,20685217966.42999,2349079656496.388,coingecko,2025-09-19 16:55:24.471399
2025-08-18 07:02:30.727,2025-08-18,117519.35606632655,20919712550.496597,2339947498378.4526,coingecko,2025-09-19 16:55:24.471399
2025-08-18 08:03:14.591,2025-08-18,117293.77662722742,21815886939.45657,2335716385366.1626,coingecko,2025-09-19 16:55:24.471399
2025-08-18 09:02:53.312,2025-08-18,116457.32687457414,24581181633.343006,2318417548014.1006,coingecko,2025-09-19 16:55:24.471399
2025-08-18 10:01:30.899,2025-08-18,115762.72294417131,27596509865.82609,2304817370432.12,coingecko,2025-09-19 16:55:24.471399
2025-08-18 11:02:43.252,2025-08-18,115355.15362701363,29715058316.70636,2297390814871.4697,coingecko,2025-09-19 16:55:24.471399
2025-08-18 12:03:07.777,2025-08-18,115582.39765044459,29989283651.029594,2300076809487.9824,coingecko,2025-09-19 16:55:24.471399
2025-08-18 13:03:32.999,2025-08-18,115677.2437142178,29247877687.589188,2303071311274.9536,coingecko,2025-09-19 16:55:24.471399
2025-08-18 14:03:21.362,2025-08-18,115295.02327023851,31191542322.332653,2293036125463.348,coingecko,2025-09-19 16:55:24.471399
2025-08-18 15:03:48.982,2025-08-18,115338.9847735173,32526666444.138912,2295799383951.9624,coingecko,2025-09-19 16:55:24.471399
2025-08-18 16:00:27.213,2025-08-18,115197.40503646056,32951980632.03165,2294048283199.3843,coingecko,2025-09-19 16:55:24.471399
2025-08-18 17:03:03.017,2025-08-18,115074.7800568399,34271576980.23296,2291995386259.353,coingecko,2025-09-19 16:55:24.471399
2025-08-18 18:02:25.005,2025-08-18,115124.87334587987,37320922860.19554,2292491426848.5073,coingecko,2025-09-19 16:55:24.471399
2025-08-18 19:00:38.558,2025-08-18,115044.56004926866,35353092704.49016,2289808098472.0337,coingecko,2025-09-19 16:55:24.471399
2025-08-18 20:02:19.735,2025-08-18,115527.0309311352,39140875904.88485,2299308840342.1646,coingecko,2025-09-19 16:55:24.471399
2025-08-18 21:02:13.194,2025-08-18,114995.26995245655,38317764892.86075,2292177314343.502,coingecko,2025-09-19 16:55:24.471399
2025-08-18 22:02:12.018,2025-08-18,115648.19465225624,40189514662.24893,2297933162370.366,coingecko,2025-09-19 16:55:24.471399
2025-08-18 23:03:21.565,2025-08-18,116256.12045700087,43424598200.07567,2313211215590.2793,coingecko,2025-09-19 16:55:24.471399
2025-08-19 00:02:48.704,2025-08-19,116083.85779306894,40251510722.794945,2309787446241.557,coingecko,2025-09-19 16:55:24.471399
2025-08-19 01:03:17.580,2025-08-19,116717.50032215302,44544188414.253784,2323651436519.795,coingecko,2025-09-19 16:55:24.471399
2025-08-19 02:03:07.996,2025-08-19,116612.61591671837,45060972832.86944,2321553564084.4775,coingecko,2025-09-19 16:55:24.471399
2025-08-19 03:02:47.066,2025-08-19,116359.64918942218,45254447893.187836,2316421467518.5996,coingecko,2025-09-19 16:55:24.471399
2025-08-19 04:02:34.740,2025-08-19,116467.14070857807,46002619788.25187,2317636857440.67,coingecko,2025-09-19 16:55:24.471399
2025-08-19 05:01:27.625,2025-08-19,116713.43762065737,46612992379.49223,2322864150185.8813,coingecko,2025-09-19 16:55:24.471399
2025-08-19 06:02:51.292,2025-08-19,116445.12054707026,46819813147.56796,2321094059957.7896,coingecko,2025-09-19 16:55:24.471399
2025-08-19 07:06:58.562,2025-08-19,116315.1187900144,47234423701.30825,2314502640170.1543,coingecko,2025-09-19 16:55:24.471399
2025-08-19 08:02:57.300,2025-08-19,116578.69611080748,43014211850.83455,2321657361465.848,coingecko,2025-09-19 16:55:24.471399
2025-08-19 09:02:55.046,2025-08-19,115840.82295104749,45048722686.44198,2305705995705.719,coingecko,2025-09-19 16:55:24.471399
2025-08-19 10:03:27.066,2025-08-19,115739.41713066881,41556606133.007866,2304501504763.8813,coingecko,2025-09-19 16:55:24.471399
2025-08-19 11:02:33.984,2025-08-19,114853.79567274198,36806153204.06423,2286882334873.796,coingecko,2025-09-19 16:55:24.471399
2025-08-19 12:03:04.816,2025-08-19,115310.22932577619,42401100746.07195,2294293612950.6006,coingecko,2025-09-19 16:55:24.471399
2025-08-19 13:02:28.348,2025-08-19,115021.97815753656,37848687030.93779,2294423310010.4224,coingecko,2025-09-19 16:55:24.471399
2025-08-19 14:02:51.797,2025-08-19,114985.89568101108,36503838014.26732,2291439335302.4355,coingecko,2025-09-19 16:55:24.471399
2025-08-19 15:01:05.724,2025-08-19,115011.33437220617,39660867167.464096,2289271973630.2954,coingecko,2025-09-19 16:55:24.471399
2025-08-19 16:00:29.123,2025-08-19,115244.10458929573,35686297321.47995,2293584399904.6343,coingecko,2025-09-19 16:55:24.471399
2025-08-19 17:00:58.919,2025-08-19,115371.1864707095,38239878260.73187,2297152685011.8984,coingecko,2025-09-19 16:55:24.471399
2025-08-19 18:01:41.387,2025-08-19,115429.16618470901,37430671443.38621,2297924161622.171,coingecko,2025-09-19 16:55:24.471399
2025-08-19 19:02:45.234,2025-08-19,115559.44716650811,37452709494.71494,2301246939401.8125,coingecko,2025-09-19 16:55:24.471399
2025-08-19 20:01:52.658,2025-08-19,115599.61514159056,36931886329.83645,2299127509423.0,coingecko,2025-09-19 16:55:24.471399
2025-08-19 21:02:31.238,2025-08-19,115239.4878544111,33343923238.3509,2294254678348.0596,coingecko,2025-09-19 16:55:24.471399
2025-08-19 22:02:29.349,2025-08-19,114004.88666207601,39555884499.56829,2266352163990.8726,coingecko,2025-09-19 16:55:24.471399
2025-08-19 23:02:40.464,2025-08-19,113820.33698581933,41455680962.47773,2265974362234.498,coingecko,2025-09-19 16:55:24.471399
2025-08-20 00:01:02.973,2025-08-20,113404.06193584246,41703252447.975975,2257770513758.773,coingecko,2025-09-19 16:55:24.471399
2025-08-20 01:00:55.792,2025-08-20,113494.55052097653,38767013868.5328,2257831663822.957,coingecko,2025-09-19 16:55:24.471399
2025-08-20 02:05:35.423,2025-08-20,112832.75554814276,43705084656.35368,2251023272243.7,coingecko,2025-09-19 16:55:24.471399
2025-08-20 03:02:42.362,2025-08-20,113271.63940944368,45137838887.3973,2255954709154.1177,coingecko,2025-09-19 16:55:24.471399
2025-08-20 04:02:24.159,2025-08-20,113497.50086327353,44586489667.24651,2258657217053.825,coingecko,2025-09-19 16:55:24.471399
2025-08-20 05:02:24.396,2025-08-20,113414.51430137384,44779365251.50792,2258899478749.297,coingecko,2025-09-19 16:55:24.471399
2025-08-20 06:00:35.729,2025-08-20,113170.10811534988,45788441426.74541,2254079557134.3145,coingecko,2025-09-19 16:55:24.471399
2025-08-20 07:02:24.721,2025-08-20,112896.32534645073,46894541027.51199,2245877071707.092,coingecko,2025-09-19 16:55:24.471399
2025-08-20 08:00:37.645,2025-08-20,113221.30878378011,42538241876.26035,2255448995254.5034,coingecko,2025-09-19 16:55:24.471399
2025-08-20 09:00:43.860,2025-08-20,113038.63562802887,43099302140.83163,2250451960764.096,coingecko,2025-09-19 16:55:24.471399
2025-08-20 10:02:13.328,2025-08-20,113436.86955390326,44153560151.65437,2258641711090.1978,coingecko,2025-09-19 16:55:24.471399
2025-08-20 11:02:17.509,2025-08-20,113499.88101366491,46648678656.68352,2259228474500.9097,coingecko,2025-09-19 16:55:24.471399
2025-08-20 12:00:47.331,2025-08-20,113576.63342572509,44730460959.930695,2260974600811.409,coingecko,2025-09-19 16:55:24.471399
2025-08-20 13:01:46.002,2025-08-20,113712.34453532855,44979086223.03822,2264588933789.8525,coingecko,2025-09-19 16:55:24.471399
2025-08-20 14:02:32.058,2025-08-20,113616.7780659848,44540793525.55041,2261760583442.406,coingecko,2025-09-19 16:55:24.471399
2025-08-20 15:00:31.111,2025-08-20,113548.32584815667,43938551344.338135,2261162882023.937,coingecko,2025-09-19 16:55:24.471399
2025-08-20 16:01:36.202,2025-08-20,113979.37893099306,45071296899.7613,2268893619710.649,coingecko,2025-09-19 16:55:24.471399
2025-08-20 17:02:34.089,2025-08-20,113738.87260459366,45507876848.20262,2263435150364.939,coingecko,2025-09-19 16:55:24.471399
2025-08-20 18:02:21.868,2025-08-20,113814.60747522612,45463851298.78079,2266593551917.9185,coingecko,2025-09-19 16:55:24.471399
2025-08-20 19:02:29.547,2025-08-20,113772.5953048606,46606701431.230354,2260813973237.32,coingecko,2025-09-19 16:55:24.471399
2025-08-20 20:00:20.461,2025-08-20,113704.65095237858,46493644645.02271,2264262905482.607,coingecko,2025-09-19 16:55:24.471399
2025-08-20 21:01:07.017,2025-08-20,112721.52528522459,47409002973.9134,2244621571473.9336,coingecko,2025-09-19 16:55:24.471399
2025-08-20 22:05:18.525,2025-08-20,113468.71586206947,42737896339.57028,2258944608739.2764,coingecko,2025-09-19 16:55:24.471399
2025-08-20 23:00:45.904,2025-08-20,113364.1275536759,45330962207.64718,2260428487226.0225,coingecko,2025-09-19 16:55:24.471399
2025-08-21 00:02:43.088,2025-08-21,113947.58727837629,46093178700.28271,2269591372048.394,coingecko,2025-09-19 16:55:24.471399
2025-08-21 01:02:23.731,2025-08-21,114200.26919279918,44969490820.75231,2273489883662.547,coingecko,2025-09-19 16:55:24.471399
2025-08-21 02:02:29.859,2025-08-21,113588.02274704837,41640210717.64218,2261640562840.9976,coingecko,2025-09-19 16:55:24.471399
2025-08-21 03:02:37.116,2025-08-21,114227.65280595022,43899516543.65584,2272968433049.0527,coingecko,2025-09-19 16:55:24.471399
2025-08-21 04:01:38.563,2025-08-21,114351.92452461013,43762392368.75179,2276289607132.562,coingecko,2025-09-19 16:55:24.471399
2025-08-21 05:02:11.136,2025-08-21,114422.93252401563,43622277551.29078,2277131780627.5625,coingecko,2025-09-19 16:55:24.471399
2025-08-21 06:02:02.274,2025-08-21,114590.45445269886,43391081238.798386,2281541204491.5835,coingecko,2025-09-19 16:55:24.471399
2025-08-21 07:01:42.284,2025-08-21,114250.43172587751,42282443322.69223,2274668593474.138,coingecko,2025-09-19 16:55:24.471399
2025-08-21 08:02:19.563,2025-08-21,114337.7268829338,41701940902.23417,2276063428099.1973,coingecko,2025-09-19 16:55:24.471399
2025-08-21 09:02:07.089,2025-08-21,114723.4072135875,39431182617.15398,2283196789907.89,coingecko,2025-09-19 16:55:24.471399
2025-08-21 10:01:12.204,2025-08-21,113987.89517975388,40240528752.222626,2268736376633.4507,coingecko,2025-09-19 16:55:24.471399
2025-08-21 11:01:31.792,2025-08-21,113987.13392915655,38516342245.77847,2270895425379.2163,coingecko,2025-09-19 16:55:24.471399
2025-08-21 12:02:02.324,2025-08-21,113808.26421295329,37943880322.50303,2265840029488.3438,coingecko,2025-09-19 16:55:24.471399
2025-08-21 13:02:33.048,2025-08-21,113954.38733064673,34696637099.406204,2268024507156.493,coingecko,2025-09-19 16:55:24.471399
2025-08-21 14:02:15.544,2025-08-21,113737.02812154038,38681475462.57837,2265765473142.9883,coingecko,2025-09-19 16:55:24.471399
2025-08-21 15:02:35.497,2025-08-21,113890.13604780457,38188109033.52714,2267505038286.3457,coingecko,2025-09-19 16:55:24.471399
2025-08-21 16:02:44.932,2025-08-21,113638.22918676953,37549329437.96879,2262609739234.969,coingecko,2025-09-19 16:55:24.471399
2025-08-21 17:00:56.020,2025-08-21,113396.1776883503,37593949831.45612,2257820311214.1187,coingecko,2025-09-19 16:55:24.471399
2025-08-21 18:02:25.842,2025-08-21,113373.80279295826,37143984349.62482,2256373078285.989,coingecko,2025-09-19 16:55:24.471399
2025-08-21 19:00:47.607,2025-08-21,113132.28582905016,37468392944.52651,2251875608345.2856,coingecko,2025-09-19 16:55:24.471399
2025-08-21 20:01:50.458,2025-08-21,112952.51362584245,36929742710.01171,2249250168491.81,coingecko,2025-09-19 16:55:24.471399
2025-08-21 21:02:58.527,2025-08-21,113504.91074576437,36913318007.19882,2262161314392.4688,coingecko,2025-09-19 16:55:24.471399
2025-08-21 22:02:30.029,2025-08-21,113266.26639577647,34349543158.606915,2255966047387.91,coingecko,2025-09-19 16:55:24.471399
2025-08-21 23:01:48.251,2025-08-21,112773.38343187496,31058409226.911808,2247062639419.402,coingecko,2025-09-19 16:55:24.471399
2025-08-22 00:02:05.532,2025-08-22,112398.3636645793,33693160441.712955,2239234424084.059,coingecko,2025-09-19 16:55:24.471399
2025-08-22 01:02:04.597,2025-08-22,112379.88592699269,33840190741.362995,2237507889448.318,coingecko,2025-09-19 16:55:24.471399
2025-08-22 02:02:22.153,2025-08-22,112571.655424373,31679195219.135468,2241280055804.3145,coingecko,2025-09-19 16:55:24.471399
2025-08-22 03:01:52.647,2025-08-22,112023.06158201321,33258011046.23826,2231248441713.596,coingecko,2025-09-19 16:55:24.471399
2025-08-22 04:02:51.090,2025-08-22,112564.21553111593,33610308289.103546,2239436205029.1846,coingecko,2025-09-19 16:55:24.471399
2025-08-22 05:02:41.573,2025-08-22,112561.18367557136,33425866734.35019,2241003545824.562,coingecko,2025-09-19 16:55:24.471399
2025-08-22 06:02:29.621,2025-08-22,112468.84756023913,32709524011.280228,2239211473136.5786,coingecko,2025-09-19 16:55:24.471399
2025-08-22 07:02:51.862,2025-08-22,112414.39987336512,32048202090.65466,2238121481749.57,coingecko,2025-09-19 16:55:24.471399
2025-08-22 08:02:36.235,2025-08-22,112570.05901657068,31863226030.040344,2242054061730.4062,coingecko,2025-09-19 16:55:24.471399
2025-08-22 09:01:26.472,2025-08-22,112817.82613496445,31512472005.466564,2246094364233.1074,coingecko,2025-09-19 16:55:24.471399
2025-08-22 10:01:24.381,2025-08-22,113266.61693979731,32264079286.30188,2256413799839.6694,coingecko,2025-09-19 16:55:24.471399
2025-08-22 11:01:49.894,2025-08-22,112933.12517331423,31790586244.230686,2248359409794.6763,coingecko,2025-09-19 16:55:24.471399
2025-08-22 12:00:44.257,2025-08-22,112787.89866622085,32070036247.588997,2245220872297.55,coingecko,2025-09-19 16:55:24.471399
2025-08-22 13:02:26.997,2025-08-22,113216.10154703319,31659211130.85369,2253433008285.5044,coingecko,2025-09-19 16:55:24.471399
2025-08-22 14:02:36.216,2025-08-22,112999.09282659138,32181558938.674603,2249539869276.1523,coingecko,2025-09-19 16:55:24.471399
2025-08-22 15:02:24.914,2025-08-22,113108.75506378774,32687785291.633484,2252686790268.9346,coingecko,2025-09-19 16:55:24.471399
2025-08-22 16:02:41.935,2025-08-22,112993.43834510577,32476325582.469376,2249354374072.887,coingecko,2025-09-19 16:55:24.471399
2025-08-22 17:02:37.279,2025-08-22,113074.45957010616,32247497772.83376,2251116342106.2847,coingecko,2025-09-19 16:55:24.471399
2025-08-22 18:02:22.275,2025-08-22,112521.5479279412,32725679377.15134,2240518862368.8647,coingecko,2025-09-19 16:55:24.471399
2025-08-22 19:01:38.441,2025-08-22,112288.33375620782,32383528241.204155,2235872533806.0073,coingecko,2025-09-19 16:55:24.471399
2025-08-22 20:02:32.032,2025-08-22,112360.04916226704,31706991968.390926,2242305341529.0146,coingecko,2025-09-19 16:55:24.471399
2025-08-22 21:02:48.421,2025-08-22,112497.07530672899,35468782916.49639,2241628008843.154,coingecko,2025-09-19 16:55:24.471399
2025-08-22 22:02:36.906,2025-08-22,115949.64822768302,42781054684.85562,2309252107022.1333,coingecko,2025-09-19 16:55:24.471399
2025-08-22 23:02:32.195,2025-08-22,116733.62955688963,45922545000.10242,2326829944930.6978,coingecko,2025-09-19 16:55:24.471399
2025-08-23 00:01:59.526,2025-08-23,116242.77576562841,48720009133.189285,2313274062906.539,coingecko,2025-09-19 16:55:24.471399
2025-08-23 01:01:12.029,2025-08-23,116925.15114552547,49544866744.46024,2326891596365.0376,coingecko,2025-09-19 16:55:24.471399
2025-08-23 02:02:53.164,2025-08-23,116754.18597018225,50155473288.184364,2325108822371.891,coingecko,2025-09-19 16:55:24.471399
2025-08-23 03:04:21.905,2025-08-23,116630.95770630019,50082805752.61533,2321824606630.221,coingecko,2025-09-19 16:55:24.471399
2025-08-23 04:00:39.854,2025-08-23,116893.16140783997,50371447626.11096,2326722909643.591,coingecko,2025-09-19 16:55:24.471399
2025-08-23 05:02:25.029,2025-08-23,117016.4148378404,51002312657.51935,2329366048163.572,coingecko,2025-09-19 16:55:24.471399
2025-08-23 06:03:02.033,2025-08-23,116690.82991354102,50558197963.827705,2323301410531.106,coingecko,2025-09-19 16:55:24.471399
2025-08-23 07:01:49.434,2025-08-23,116897.54178212964,50833111088.85954,2327443500099.5054,coingecko,2025-09-19 16:55:24.471399
2025-08-23 08:00:34.385,2025-08-23,116840.2881931396,50863072838.05745,2326894315457.115,coingecko,2025-09-19 16:55:24.471399
2025-08-23 09:02:12.950,2025-08-23,116431.22818366549,50438213222.20327,2317754094091.718,coingecko,2025-09-19 16:55:24.471399
2025-08-23 10:02:13.028,2025-08-23,115820.56605227095,53462597660.537346,2309140833105.0454,coingecko,2025-09-19 16:55:24.471399
2025-08-23 11:02:18.492,2025-08-23,115506.45234208381,52569447344.06513,2300261749400.2764,coingecko,2025-09-19 16:55:24.471399
2025-08-23 12:02:39.819,2025-08-23,115836.07441882673,52565552949.78911,2306032109181.823,coingecko,2025-09-19 16:55:24.471399
2025-08-23 13:02:01.222,2025-08-23,115916.12989192463,53253795258.25153,2308600670189.3047,coingecko,2025-09-19 16:55:24.471399
2025-08-23 14:02:44.649,2025-08-23,115686.06492737045,52878916142.69842,2303082634246.3696,coingecko,2025-09-19 16:55:24.471399
2025-08-23 15:02:16.421,2025-08-23,115756.2715219422,52717524858.258606,2304302746975.9194,coingecko,2025-09-19 16:55:24.471399
2025-08-23 16:03:05.928,2025-08-23,115734.99631164433,48640517091.69404,2304082327343.9233,coingecko,2025-09-19 16:55:24.471399
2025-08-23 17:02:47.918,2025-08-23,115693.18189345239,52210251491.12992,2303245842381.469,coingecko,2025-09-19 16:55:24.471399
2025-08-23 18:02:07.091,2025-08-23,115518.50378351717,51871948970.09468,2300305577541.015,coingecko,2025-09-19 16:55:24.471399
2025-08-23 19:00:00.562,2025-08-23,115274.0388844848,51716159537.264275,2295739838101.326,coingecko,2025-09-19 16:55:24.471399
2025-08-23 20:02:23.249,2025-08-23,115135.13762173562,49109336712.525505,2293033167354.458,coingecko,2025-09-19 16:55:24.471399
2025-08-23 21:01:35.437,2025-08-23,114821.41680903742,48997628374.48042,2287148309247.807,coingecko,2025-09-19 16:55:24.471399
2025-08-23 22:02:46.088,2025-08-23,114686.33732965987,41462405461.682594,2282949838738.9985,coingecko,2025-09-19 16:55:24.471399
2025-08-23 23:02:24.239,2025-08-23,114783.2566749885,37135036579.25317,2285458369908.93,coingecko,2025-09-19 16:55:24.471399
2025-08-24 00:02:12.024,2025-08-24,114971.81358538911,32855528199.545666,2288200759609.6,coingecko,2025-09-19 16:55:24.471399
2025-08-24 01:02:37.432,2025-08-24,115025.4752987663,32790555515.312447,2290344520918.2124,coingecko,2025-09-19 16:55:24.471399
2025-08-24 02:02:04.743,2025-08-24,115092.92711799828,31483027823.875717,2292089190107.063,coingecko,2025-09-19 16:55:24.471399
2025-08-24 03:03:01.408,2025-08-24,115099.37297567134,30520515991.097103,2291833838994.182,coingecko,2025-09-19 16:55:24.471399
2025-08-24 04:02:31.788,2025-08-24,115226.72980830548,27941655431.383087,2294165689298.636,coingecko,2025-09-19 16:55:24.471399
2025-08-24 05:02:36.015,2025-08-24,115167.53577999982,28659750755.356216,2293008431409.6396,coingecko,2025-09-19 16:55:24.471399
2025-08-24 06:01:40.362,2025-08-24,115280.20647376521,27623022682.170525,2294763298927.219,coingecko,2025-09-19 16:55:24.471399
2025-08-24 07:03:09.115,2025-08-24,115359.98346714744,27306719885.257973,2296786080139.701,coingecko,2025-09-19 16:55:24.471399
2025-08-24 08:00:06.611,2025-08-24,115363.99729235176,27072316168.250343,2296821707636.3984,coingecko,2025-09-19 16:55:24.471399
2025-08-24 09:02:12.191,2025-08-24,115431.1805844341,26692001773.72604,2298635074296.242,coingecko,2025-09-19 16:55:24.471399
2025-08-24 10:00:36.078,2025-08-24,115069.43066346603,25446661310.325912,2291279996027.2827,coingecko,2025-09-19 16:55:24.471399
2025-08-24 11:01:45.888,2025-08-24,114993.24273069265,25559928547.878998,2290240117786.8467,coingecko,2025-09-19 16:55:24.471399
2025-08-24 12:02:23.931,2025-08-24,115086.60114191737,25043140601.09021,2291993005511.1914,coingecko,2025-09-19 16:55:24.471399
2025-08-24 13:00:53.884,2025-08-24,114953.03010212432,24560564942.829094,2288807288533.446,coingecko,2025-09-19 16:55:24.471399
2025-08-24 14:02:42.692,2025-08-24,114844.61849424148,24730635069.13534,2286726452252.2295,coingecko,2025-09-19 16:55:24.471399
2025-08-24 15:02:30.401,2025-08-24,114879.69078631983,24455593975.15203,2288602051345.3086,coingecko,2025-09-19 16:55:24.471399
2025-08-24 16:02:08.786,2025-08-24,114753.3400146967,24973297619.58047,2284814847657.053,coingecko,2025-09-19 16:55:24.471399
2025-08-24 17:01:43.563,2025-08-24,114823.03309844933,25182786693.78483,2287209355231.885,coingecko,2025-09-19 16:55:24.471399
2025-08-24 18:02:32.598,2025-08-24,114736.45359290068,25269282624.89648,2286859113003.1675,coingecko,2025-09-19 16:55:24.471399
2025-08-24 19:02:54.000,2025-08-24,114695.2412707355,25589025693.645447,2283263637634.276,coingecko,2025-09-19 16:55:24.471399
2025-08-24 20:02:47.741,2025-08-24,114614.30553312866,24857390273.595615,2282001424744.7217,coingecko,2025-09-19 16:55:24.471399
2025-08-24 21:01:09.178,2025-08-24,114578.64745830485,24479691746.429386,2281577218556.166,coingecko,2025-09-19 16:55:24.471399
2025-08-24 22:02:00.257,2025-08-24,114472.18350232056,22921175596.468124,2281350100590.116,coingecko,2025-09-19 16:55:24.471399
2025-08-24 23:01:54.199,2025-08-24,114369.60753646833,22884533619.60173,2278565303779.6104,coingecko,2025-09-19 16:55:24.471399
2025-08-25 00:02:02.369,2025-08-25,114250.27307611563,25339894655.86093,2274829265671.542,coingecko,2025-09-19 16:55:24.471399
2025-08-25 01:01:59.243,2025-08-25,114367.75226983133,25119528930.497387,2276654924840.312,coingecko,2025-09-19 16:55:24.471399
2025-08-25 02:02:33.861,2025-08-25,114566.05862349035,28383292003.692722,2282602424338.571,coingecko,2025-09-19 16:55:24.471399
2025-08-25 03:00:39.541,2025-08-25,112217.2548926291,31584532548.078114,2238625964831.9556,coingecko,2025-09-19 16:55:24.471399
2025-08-25 04:02:42.661,2025-08-25,112698.95169330903,39383149595.03231,2243950642731.815,coingecko,2025-09-19 16:55:24.471399
2025-08-25 05:02:54.764,2025-08-25,113061.2323796558,40830921832.74007,2251399906971.3726,coingecko,2025-09-19 16:55:24.471399
2025-08-25 06:02:32.010,2025-08-25,113414.74875838551,41782659810.32342,2256536044289.26,coingecko,2025-09-19 16:55:24.471399
2025-08-25 07:02:31.739,2025-08-25,113399.54847314971,40682656776.69001,2259663171125.389,coingecko,2025-09-19 16:55:24.471399
2025-08-25 08:00:55.537,2025-08-25,112585.42278319375,41251485778.1079,2241115890085.063,coingecko,2025-09-19 16:55:24.471399
2025-08-25 09:02:28.534,2025-08-25,113023.46267055321,43474356664.27717,2250168524452.0737,coingecko,2025-09-19 16:55:24.471399
2025-08-25 10:01:53.333,2025-08-25,113415.23674884671,44825375822.32035,2258307353192.535,coingecko,2025-09-19 16:55:24.471399
2025-08-25 11:02:21.093,2025-08-25,113208.55925045427,45013362459.56276,2254114642273.7476,coingecko,2025-09-19 16:55:24.471399
2025-08-25 12:01:45.531,2025-08-25,112763.21919387885,44766806528.77922,2245114279509.5044,coingecko,2025-09-19 16:55:24.471399
2025-08-25 13:01:44.424,2025-08-25,112392.21541055867,45109734199.44281,2237860282931.8213,coingecko,2025-09-19 16:55:24.471399
2025-08-25 14:00:09.035,2025-08-25,111949.0739478392,45768364362.53734,2226570626706.5723,coingecko,2025-09-19 16:55:24.471399
2025-08-25 15:02:28.529,2025-08-25,111472.72000741534,46347736844.41371,2219750897246.8853,coingecko,2025-09-19 16:55:24.471399
2025-08-25 16:03:08.736,2025-08-25,111577.96708361676,48849691049.443085,2221723199015.2637,coingecko,2025-09-19 16:55:24.471399
2025-08-25 17:03:00.092,2025-08-25,111632.32778606439,49349952717.45977,2223936834622.7446,coingecko,2025-09-19 16:55:24.471399
2025-08-25 18:02:48.113,2025-08-25,110955.98821477545,50331033968.3015,2209276192845.046,coingecko,2025-09-19 16:55:24.471399
2025-08-25 19:02:25.457,2025-08-25,111218.67088723912,51828673258.15544,2214790195844.628,coingecko,2025-09-19 16:55:24.471399
2025-08-25 20:01:53.515,2025-08-25,111492.03809636572,52409963403.49649,2219679033930.0723,coingecko,2025-09-19 16:55:24.471399
2025-08-25 21:02:35.854,2025-08-25,111321.38417438182,51060453841.741264,2213656480965.62,coingecko,2025-09-19 16:55:24.471399
2025-08-25 22:02:59.101,2025-08-25,112210.11202691354,56036299387.76223,2233789095508.609,coingecko,2025-09-19 16:55:24.471399
2025-08-25 23:02:51.652,2025-08-25,112290.17460521753,54100932070.60992,2235012085053.7197,coingecko,2025-09-19 16:55:24.471399
2025-08-26 00:00:56.917,2025-08-26,112547.51261168132,54303524981.15725,2242714068985.801,coingecko,2025-09-19 16:55:24.471399
2025-08-26 01:02:43.593,2025-08-26,112497.5793839499,57446865096.65609,2239818918243.5728,coingecko,2025-09-19 16:55:24.471399
2025-08-26 02:01:53.880,2025-08-26,112386.51107136758,56245360295.508095,2238395870779.923,coingecko,2025-09-19 16:55:24.471399
2025-08-26 03:03:34.623,2025-08-26,110909.83928590608,52612308119.58182,2208372503064.0137,coingecko,2025-09-19 16:55:24.471399
2025-08-26 04:02:57.718,2025-08-26,109690.83734151356,50874692501.464455,2181944377146.4768,coingecko,2025-09-19 16:55:24.471399
2025-08-26 05:02:55.775,2025-08-26,110180.98485988827,56423072825.17286,2193954513081.6912,coingecko,2025-09-19 16:55:24.471399
2025-08-26 06:03:22.354,2025-08-26,110239.01953202092,52583112387.23077,2197035281377.5393,coingecko,2025-09-19 16:55:24.471399
2025-08-26 07:00:50.533,2025-08-26,110185.35443900425,52854872363.936554,2194453712375.598,coingecko,2025-09-19 16:55:24.471399
2025-08-26 08:00:41.595,2025-08-26,109214.15345032258,58179796983.544136,2179313219846.0686,coingecko,2025-09-19 16:55:24.471399
2025-08-26 09:02:19.618,2025-08-26,109728.828049138,59266520304.45751,2186567472833.4453,coingecko,2025-09-19 16:55:24.471399
2025-08-26 10:02:35.237,2025-08-26,109702.83902011866,59791517999.529495,2184481229788.5996,coingecko,2025-09-19 16:55:24.471399
2025-08-26 11:02:28.236,2025-08-26,109901.68999609181,60269013171.39762,2188307718476.66,coingecko,2025-09-19 16:55:24.471399
2025-08-26 12:02:29.764,2025-08-26,110093.02421135378,59962545448.689804,2192540623108.5037,coingecko,2025-09-19 16:55:24.471399
2025-08-26 13:02:38.519,2025-08-26,110275.87047428692,59393134095.57825,2196545219586.226,coingecko,2025-09-19 16:55:24.471399
2025-08-26 14:01:39.264,2025-08-26,110007.15361203271,58232530079.61229,2189431945063.593,coingecko,2025-09-19 16:55:24.471399
2025-08-26 15:01:07.749,2025-08-26,110304.27215130755,54442025560.91784,2197180362439.7385,coingecko,2025-09-19 16:55:24.471399
2025-08-26 16:01:51.675,2025-08-26,110152.35553114467,56100183808.53877,2193479729443.1501,coingecko,2025-09-19 16:55:24.471399
2025-08-26 17:02:12.586,2025-08-26,110185.45908945947,52673857577.893654,2191609590785.4102,coingecko,2025-09-19 16:55:24.471399
2025-08-26 18:02:29.379,2025-08-26,110215.27817468811,54218560157.09526,2195300674468.6619,coingecko,2025-09-19 16:55:24.471399
2025-08-26 19:02:08.639,2025-08-26,109677.9347150727,53617864093.79292,2183875702849.4226,coingecko,2025-09-19 16:55:24.471399
2025-08-26 20:03:23.920,2025-08-26,110150.8422047899,55052870907.81924,2194953604188.5745,coingecko,2025-09-19 16:55:24.471399
2025-08-26 21:02:45.274,2025-08-26,109798.30968920077,50582442595.12382,2186033041536.6382,coingecko,2025-09-19 16:55:24.471399
2025-08-26 22:02:31.816,2025-08-26,110332.08066219365,50831898415.50748,2194620427115.5466,coingecko,2025-09-19 16:55:24.471399
2025-08-26 23:00:18.607,2025-08-26,109711.32807576722,50552261496.052574,2183999839259.435,coingecko,2025-09-19 16:55:24.471399
2025-08-27 00:02:41.965,2025-08-27,109881.034253352,53896424429.32773,2185719971418.2605,coingecko,2025-09-19 16:55:24.471399
2025-08-27 01:02:33.939,2025-08-27,109816.60727497659,50246743910.975395,2186179065977.8997,coingecko,2025-09-19 16:55:24.471399
2025-08-27 02:02:23.091,2025-08-27,110753.61395335088,51049478214.32461,2205474741962.131,coingecko,2025-09-19 16:55:24.471399
2025-08-27 03:02:34.071,2025-08-27,111094.40395034778,53572450854.26887,2212387719892.1924,coingecko,2025-09-19 16:55:24.471399
2025-08-27 04:02:40.727,2025-08-27,111363.70210444374,45591977809.91141,2215431001681.9214,coingecko,2025-09-19 16:55:24.471399
2025-08-27 05:02:38.261,2025-08-27,111450.63572055796,45912953928.839966,2218904157218.258,coingecko,2025-09-19 16:55:24.471399
2025-08-27 06:05:32.611,2025-08-27,111889.77042079122,45944710487.08485,2227594692132.1353,coingecko,2025-09-19 16:55:24.471399
2025-08-27 07:02:25.667,2025-08-27,111842.70999260596,43023800053.0546,2227025695775.593,coingecko,2025-09-19 16:55:24.471399
2025-08-27 08:01:51.662,2025-08-27,111365.02501415942,42323169935.84372,2217355986692.3486,coingecko,2025-09-19 16:55:24.471399
2025-08-27 09:02:06.995,2025-08-27,111263.82257988887,40953999147.95808,2215485902793.681,coingecko,2025-09-19 16:55:24.471399
2025-08-27 10:00:08.376,2025-08-27,111187.4957975124,40238149590.10205,2215942209897.7905,coingecko,2025-09-19 16:55:24.471399
2025-08-27 11:01:41.251,2025-08-27,111519.27221730023,40399041185.972786,2223504268357.647,coingecko,2025-09-19 16:55:24.471399
2025-08-27 12:00:38.283,2025-08-27,111605.7581072873,39927558882.08654,2221511062705.2827,coingecko,2025-09-19 16:55:24.471399
2025-08-27 13:02:10.981,2025-08-27,111373.0830708973,39515288919.938416,2217775903997.582,coingecko,2025-09-19 16:55:24.471399
2025-08-27 14:02:08.901,2025-08-27,111054.43395634122,39223233721.06222,2211827590814.5034,coingecko,2025-09-19 16:55:24.471399
2025-08-27 15:02:46.341,2025-08-27,110692.47419258242,38941102684.48362,2204532815848.391,coingecko,2025-09-19 16:55:24.471399
2025-08-27 16:01:45.519,2025-08-27,110711.82323814013,39337872985.31356,2204553774123.831,coingecko,2025-09-19 16:55:24.471399
2025-08-27 17:06:33.154,2025-08-27,110979.2966833095,39528456508.393936,2207354409055.9966,coingecko,2025-09-19 16:55:24.471399
2025-08-27 18:01:06.124,2025-08-27,111006.11176683908,39647569186.46201,2211763518265.343,coingecko,2025-09-19 16:55:24.471399
2025-08-27 19:02:34.572,2025-08-27,111315.87558119372,36765670258.05036,2217338892625.284,coingecko,2025-09-19 16:55:24.471399
2025-08-27 20:01:01.554,2025-08-27,111337.10808421562,35830473940.5946,2216061025998.7705,coingecko,2025-09-19 16:55:24.471399
2025-08-27 21:01:52.627,2025-08-27,111484.2870822013,35704921225.298035,2221888724266.805,coingecko,2025-09-19 16:55:24.471399
2025-08-27 22:02:10.236,2025-08-27,111885.40822394217,38095437335.5302,2230926812692.7134,coingecko,2025-09-19 16:55:24.471399
2025-08-27 23:02:19.120,2025-08-27,111952.54564260962,36042544904.33156,2228169833151.292,coingecko,2025-09-19 16:55:24.471399
2025-08-28 00:02:14.682,2025-08-28,112146.40816198313,35664679793.32469,2233414367333.154,coingecko,2025-09-19 16:55:24.471399
2025-08-28 01:02:46.354,2025-08-28,112370.95333819998,37191226587.508835,2237859981559.756,coingecko,2025-09-19 16:55:24.471399
2025-08-28 02:02:37.377,2025-08-28,112117.98555959277,36388158449.048164,2234192972553.7656,coingecko,2025-09-19 16:55:24.471399
2025-08-28 03:02:13.842,2025-08-28,112036.43796942328,35787805416.855415,2230962695329.512,coingecko,2025-09-19 16:55:24.471399
2025-08-28 04:02:39.998,2025-08-28,112313.86641648396,38200548204.98113,2234158204165.3633,coingecko,2025-09-19 16:55:24.471399
2025-08-28 05:02:24.961,2025-08-28,111484.66081809542,38265198959.6821,2220438807083.905,coingecko,2025-09-19 16:55:24.471399
2025-08-28 06:06:41.720,2025-08-28,111438.43391304565,37713714851.063545,2219782307604.9614,coingecko,2025-09-19 16:55:24.471399
2025-08-28 07:02:06.746,2025-08-28,111241.29264807492,37005486879.32488,2214395543347.5,coingecko,2025-09-19 16:55:24.471399
2025-08-28 08:00:17.181,2025-08-28,111279.9840682491,37103260667.507576,2217645099385.341,coingecko,2025-09-19 16:55:24.471399
2025-08-28 09:02:15.481,2025-08-28,111659.07422306083,37012771556.23348,2223359663461.2573,coingecko,2025-09-19 16:55:24.471399
2025-08-28 10:01:35.350,2025-08-28,111492.62276162558,35820003270.59694,2220739225648.6274,coingecko,2025-09-19 16:55:24.471399
2025-08-28 11:02:48.043,2025-08-28,111972.00291151149,35487941569.88196,2227793041441.8105,coingecko,2025-09-19 16:55:24.471399
2025-08-28 12:01:57.526,2025-08-28,112973.09401848726,36985679139.296265,2250142087168.142,coingecko,2025-09-19 16:55:24.471399
2025-08-28 13:02:32.406,2025-08-28,112796.14678561086,37651166791.32505,2245592893706.2334,coingecko,2025-09-19 16:55:24.471399
2025-08-28 14:02:29.630,2025-08-28,113194.26010797978,38307956272.803246,2253101002686.753,coingecko,2025-09-19 16:55:24.471399
2025-08-28 15:02:24.259,2025-08-28,113084.56059867593,37903209099.62217,2251801892967.388,coingecko,2025-09-19 16:55:24.471399
2025-08-28 16:02:29.810,2025-08-28,113079.89885511795,38115284436.28997,2253155356400.954,coingecko,2025-09-19 16:55:24.471399
2025-08-28 17:02:17.782,2025-08-28,112851.5035949865,37215368354.927055,2247505568810.046,coingecko,2025-09-19 16:55:24.471399
2025-08-28 18:02:51.561,2025-08-28,112984.18074069126,37879586381.55444,2249489155848.143,coingecko,2025-09-19 16:55:24.471399
2025-08-28 19:02:33.317,2025-08-28,112994.8051418919,37654428802.949265,2249009750678.738,coingecko,2025-09-19 16:55:24.471399
2025-08-28 20:02:20.506,2025-08-28,113220.30581858233,37287371968.780815,2254523558899.721,coingecko,2025-09-19 16:55:24.471399
2025-08-28 21:02:50.627,2025-08-28,112807.00850651073,39908556193.16241,2244312908109.7,coingecko,2025-09-19 16:55:24.471399
2025-08-28 22:02:09.969,2025-08-28,113127.76497911806,37353526013.734146,2255283417921.101,coingecko,2025-09-19 16:55:24.471399
2025-08-28 23:00:38.390,2025-08-28,112672.54945390136,34425217153.24764,2242495162558.533,coingecko,2025-09-19 16:55:24.471399
2025-08-29 00:02:30.192,2025-08-29,112471.39040607649,39018249397.41754,2243011345591.759,coingecko,2025-09-19 16:55:24.471399
2025-08-29 01:02:53.202,2025-08-29,112395.34736845951,37854772180.5903,2240780461256.721,coingecko,2025-09-19 16:55:24.471399
2025-08-29 02:02:40.347,2025-08-29,112405.27708292821,37976734048.801056,2238116895150.656,coingecko,2025-09-19 16:55:24.471399
2025-08-29 03:03:07.060,2025-08-29,112053.8352679849,37677324696.43244,2232415695032.5576,coingecko,2025-09-19 16:55:24.471399
2025-08-29 04:00:57.725,2025-08-29,111946.7754584206,35230862659.003456,2228603153136.2954,coingecko,2025-09-19 16:55:24.471399
2025-08-29 05:02:02.118,2025-08-29,112029.05303062919,32600365860.87191,2230718185724.279,coingecko,2025-09-19 16:55:24.471399
2025-08-29 06:02:22.849,2025-08-29,112406.3705221515,33659831754.927155,2238400130730.306,coingecko,2025-09-19 16:55:24.471399
2025-08-29 07:02:29.398,2025-08-29,112512.68098276858,34139897762.011417,2241139700048.1245,coingecko,2025-09-19 16:55:24.471399
2025-08-29 08:02:39.623,2025-08-29,112170.56839954754,33768111975.628925,2233418814586.4526,coingecko,2025-09-19 16:55:24.471399
2025-08-29 09:03:16.657,2025-08-29,111479.67155871727,34389419297.65558,2219894650834.3945,coingecko,2025-09-19 16:55:24.471399
2025-08-29 10:01:43.876,2025-08-29,111441.32035684185,34823298287.72117,2219914489618.846,coingecko,2025-09-19 16:55:24.471399
2025-08-29 11:02:43.731,2025-08-29,111740.83258167285,34842440459.00299,2225765381803.7754,coingecko,2025-09-19 16:55:24.471399
2025-08-29 12:02:31.940,2025-08-29,111537.02447096257,33768921257.624115,2219805308141.754,coingecko,2025-09-19 16:55:24.471399
2025-08-29 13:00:28.150,2025-08-29,111271.11086371409,34037493496.90648,2214171552028.088,coingecko,2025-09-19 16:55:24.471399
2025-08-29 14:02:52.036,2025-08-29,111229.55686331021,35221913089.23817,2214868040510.926,coingecko,2025-09-19 16:55:24.471399
2025-08-29 15:02:52.950,2025-08-29,110056.44930497855,36760193445.6029,2192062326103.0461,coingecko,2025-09-19 16:55:24.471399
2025-08-29 16:03:03.017,2025-08-29,109672.50963999434,38816734490.17289,2184169631723.6038,coingecko,2025-09-19 16:55:24.471399
2025-08-29 17:02:44.710,2025-08-29,109833.99427650348,40169446939.04035,2187156892833.1223,coingecko,2025-09-19 16:55:24.471399
2025-08-29 18:02:08.708,2025-08-29,110038.85542257076,39827564101.86447,2190377669594.9602,coingecko,2025-09-19 16:55:24.471399
2025-08-29 19:00:26.385,2025-08-29,110063.0908605544,39885681071.848145,2190879347871.5325,coingecko,2025-09-19 16:55:24.471399
2025-08-29 20:02:48.834,2025-08-29,110692.1003713299,42420567743.667595,2204208607635.8164,coingecko,2025-09-19 16:55:24.471399
2025-08-29 21:00:35.093,2025-08-29,109303.46797708416,41377164300.95963,2179076750457.152,coingecko,2025-09-19 16:55:24.471399
2025-08-29 22:01:45.382,2025-08-29,108197.66095291973,45076627702.98817,2156768194333.166,coingecko,2025-09-19 16:55:24.471399
2025-08-29 23:01:50.634,2025-08-29,108417.70949438454,47333942473.832695,2160092961784.5625,coingecko,2025-09-19 16:55:24.471399
2025-08-30 00:02:12.775,2025-08-30,108664.15066466853,48150774363.94828,2165555304775.368,coingecko,2025-09-19 16:55:24.471399
2025-08-30 01:02:46.331,2025-08-30,108532.50275425,48230422333.300644,2161511059992.6738,coingecko,2025-09-19 16:55:24.471399
2025-08-30 02:02:28.319,2025-08-30,108103.23157683069,48061925178.644104,2153745867901.7483,coingecko,2025-09-19 16:55:24.471399
2025-08-30 03:02:35.710,2025-08-30,108355.62145451456,47259531400.754684,2159983793680.5964,coingecko,2025-09-19 16:55:24.471399
2025-08-30 04:02:19.480,2025-08-30,107696.08632642716,50811940788.65954,2143436252229.0908,coingecko,2025-09-19 16:55:24.471399
2025-08-30 05:02:28.528,2025-08-30,108446.3745473655,51880448639.82971,2158768075614.1377,coingecko,2025-09-19 16:55:24.471399
2025-08-30 06:02:29.328,2025-08-30,108268.4161096884,51844407718.36738,2156159106070.4075,coingecko,2025-09-19 16:55:24.471399
2025-08-30 07:02:01.833,2025-08-30,108335.63315175903,51741794008.06818,2159057139903.7102,coingecko,2025-09-19 16:55:24.471399
2025-08-30 08:02:27.033,2025-08-30,108246.54166839329,51498913659.0893,2156040950827.179,coingecko,2025-09-19 16:55:24.471399
2025-08-30 09:02:29.563,2025-08-30,107689.75218525807,53083147690.21834,2148301928070.339,coingecko,2025-09-19 16:55:24.471399
2025-08-30 10:02:34.887,2025-08-30,107794.37105723779,51875285237.248314,2146567864544.4138,coingecko,2025-09-19 16:55:24.471399
2025-08-30 11:02:20.481,2025-08-30,108442.92966971411,53252521322.71203,2159286364549.1504,coingecko,2025-09-19 16:55:24.471399
2025-08-30 12:02:24.360,2025-08-30,108443.38056994171,53218662843.688416,2159989314715.1558,coingecko,2025-09-19 16:55:24.471399
2025-08-30 13:02:36.883,2025-08-30,108345.4375230552,54814126047.11579,2157413468732.255,coingecko,2025-09-19 16:55:24.471399
2025-08-30 14:01:05.380,2025-08-30,108283.01212750797,53421451835.42833,2155441612526.2527,coingecko,2025-09-19 16:55:24.471399
2025-08-30 15:02:23.680,2025-08-30,108491.06437226555,51662840812.54373,2160361952337.2952,coingecko,2025-09-19 16:55:24.471399
2025-08-30 16:02:16.391,2025-08-30,108574.51261194066,50216160288.43795,2162213331768.521,coingecko,2025-09-19 16:55:24.471399
2025-08-30 17:02:55.412,2025-08-30,108584.54577285751,48347739138.0621,2162293946007.8457,coingecko,2025-09-19 16:55:24.471399
2025-08-30 18:02:58.802,2025-08-30,108407.80021252781,48368078193.23883,2159564759923.4377,coingecko,2025-09-19 16:55:24.471399
2025-08-30 19:01:32.535,2025-08-30,108690.68452327688,47698491675.28313,2164390021704.0444,coingecko,2025-09-19 16:55:24.471399
2025-08-30 20:02:01.832,2025-08-30,108604.49554206168,45521842478.83767,2162303574991.1726,coingecko,2025-09-19 16:55:24.471399
2025-08-30 21:02:26.521,2025-08-30,108489.97606722396,45017094391.909134,2160112319591.5527,coingecko,2025-09-19 16:55:24.471399
2025-08-30 22:02:34.465,2025-08-30,108696.33053225471,38790353534.64288,2164775439406.8745,coingecko,2025-09-19 16:55:24.471399
2025-08-30 23:05:52.490,2025-08-30,108828.81267275482,36477452706.25169,2167060425417.6514,coingecko,2025-09-19 16:55:24.471399
2025-08-31 00:06:16.442,2025-08-31,108853.56250612278,35045326213.40083,2166838947234.9822,coingecko,2025-09-19 16:55:24.471399
2025-08-31 01:02:25.139,2025-08-31,108784.69009733132,33964998632.29449,2166342199280.6902,coingecko,2025-09-19 16:55:24.471399
2025-08-31 02:02:11.544,2025-08-31,108831.02435122912,33485365098.569847,2167312641757.1135,coingecko,2025-09-19 16:55:24.471399
2025-08-31 03:02:15.205,2025-08-31,108824.11532343693,31998341771.74229,2166363454922.7246,coingecko,2025-09-19 16:55:24.471399
2025-08-31 04:02:30.339,2025-08-31,108634.16964133283,29303586117.40271,2163175403869.9236,coingecko,2025-09-19 16:55:24.471399
2025-08-31 05:02:17.632,2025-08-31,108582.27751660284,28208799907.59237,2162682354098.7717,coingecko,2025-09-19 16:55:24.471399
2025-08-31 06:02:29.444,2025-08-31,108541.98755698749,27678509334.769215,2161337343837.0042,coingecko,2025-09-19 16:55:24.471399
2025-08-31 07:01:31.633,2025-08-31,108781.95727925687,27799981330.792213,2166165747945.1812,coingecko,2025-09-19 16:55:24.471399
2025-08-31 08:02:00.896,2025-08-31,109321.61315448761,29033453635.819065,2175067681300.113,coingecko,2025-09-19 16:55:24.471399
2025-08-31 09:01:57.846,2025-08-31,109453.20512620649,28102043551.20417,2179409664398.0552,coingecko,2025-09-19 16:55:24.471399
2025-08-31 10:00:42.817,2025-08-31,109204.05685309111,26814296856.504772,2174833148150.963,coingecko,2025-09-19 16:55:24.471399
2025-08-31 11:02:43.963,2025-08-31,109176.75567483262,25402349785.580326,2174158705533.405,coingecko,2025-09-19 16:55:24.471399
2025-08-31 12:01:41.261,2025-08-31,108801.68875379856,23401688003.84472,2166272449918.6775,coingecko,2025-09-19 16:55:24.471399
2025-08-31 13:02:43.952,2025-08-31,108726.08748773241,23313271591.01201,2165634093160.6094,coingecko,2025-09-19 16:55:24.471399
2025-08-31 14:00:59.485,2025-08-31,108714.57164084422,22719126887.276665,2164944861740.5005,coingecko,2025-09-19 16:55:24.471399
2025-08-31 15:02:44.758,2025-08-31,108706.45025808786,21849919398.95163,2164506878829.7854,coingecko,2025-09-19 16:55:24.471399
2025-08-31 16:02:36.863,2025-08-31,109005.61709478054,21300151841.967514,2170290106462.9995,coingecko,2025-09-19 16:55:24.471399
2025-08-31 17:01:49.930,2025-08-31,108509.82249097874,21996852442.668564,2161268607402.0042,coingecko,2025-09-19 16:55:24.471399
2025-08-31 18:02:06.758,2025-08-31,108569.40786727174,22739406517.75219,2162288769846.1343,coingecko,2025-09-19 16:55:24.471399
2025-08-31 19:03:42.688,2025-08-31,108381.3200095023,22529243338.752674,2158713195780.6936,coingecko,2025-09-19 16:55:24.471399
2025-08-31 20:00:48.031,2025-08-31,108323.515018761,22917168746.38633,2157306198913.0625,coingecko,2025-09-19 16:55:24.471399
2025-08-31 21:02:18.122,2025-08-31,108350.98314626004,22706517324.76821,2157654799347.7905,coingecko,2025-09-19 16:55:24.471399
2025-08-31 22:01:41.914,2025-08-31,108462.07683097602,23208644520.44194,2159588949571.4836,coingecko,2025-09-19 16:55:24.471399
2025-08-31 23:02:21.408,2025-08-31,108786.16404496257,23763845555.553215,2166859189294.9868,coingecko,2025-09-19 16:55:24.471399
2025-09-01 00:00:37.043,2025-09-01,108949.12666027468,24060525660.591053,2168905950554.3179,coingecko,2025-09-19 16:55:24.471399
2025-09-01 01:01:11.785,2025-09-01,108979.48633378587,24300747401.85449,2169974708911.6484,coingecko,2025-09-19 16:55:24.471399
2025-09-01 02:01:52.435,2025-09-01,109131.67937094519,24649517934.416943,2173651127198.8533,coingecko,2025-09-19 16:55:24.471399
2025-09-01 03:00:32.327,2025-09-01,108922.73073924262,24754526142.754795,2169717255358.761,coingecko,2025-09-19 16:55:24.471399
2025-09-01 04:02:37.565,2025-09-01,109066.36655120115,24902315647.423786,2171640748681.908,coingecko,2025-09-19 16:55:24.471399
2025-09-01 05:01:38.716,2025-09-01,109026.24716432432,24831479032.902283,2171628568025.635,coingecko,2025-09-19 16:55:24.471399
2025-09-01 06:02:10.273,2025-09-01,108867.78018188462,25405802959.944466,2168035106372.9802,coingecko,2025-09-19 16:55:24.471399
2025-09-01 07:01:24.782,2025-09-01,108253.36092385623,26140904019.246822,2155694976689.5986,coingecko,2025-09-19 16:55:24.471399
2025-09-01 08:00:12.717,2025-09-01,108320.52812654947,26939745090.092907,2155731734094.8604,coingecko,2025-09-19 16:55:24.471399
2025-09-01 09:02:30.453,2025-09-01,108163.58489380409,27146392273.101738,2152893869000.5337,coingecko,2025-09-19 16:55:24.471399
2025-09-01 10:02:20.902,2025-09-01,107556.16168412984,28574809879.725266,2142970201319.866,coingecko,2025-09-19 16:55:24.471399
2025-09-01 11:02:26.682,2025-09-01,107633.57490420509,29546385809.233013,2144136165839.8613,coingecko,2025-09-19 16:55:24.471399
2025-09-01 12:02:44.431,2025-09-01,107414.44225002972,29693713477.104195,2137715038703.0693,coingecko,2025-09-19 16:55:24.471399
2025-09-01 13:02:01.276,2025-09-01,107871.05404069647,29780527713.80739,2148376377723.9739,coingecko,2025-09-19 16:55:24.471399
2025-09-01 14:02:49.849,2025-09-01,108078.81452214558,30186701046.11113,2152065189915.2236,coingecko,2025-09-19 16:55:24.471399
2025-09-01 15:02:19.232,2025-09-01,109681.77674236635,32259670269.84683,2176492006900.8755,coingecko,2025-09-19 16:55:24.471399
2025-09-01 16:00:30.775,2025-09-01,109587.934559032,34610030831.54151,2181870456289.2344,coingecko,2025-09-19 16:55:24.471399
2025-09-01 17:02:13.227,2025-09-01,109486.05714102903,35279692317.00584,2182121441331.901,coingecko,2025-09-19 16:55:24.471399
2025-09-01 18:02:39.678,2025-09-01,108458.76073645355,35637850441.66568,2159040708633.5928,coingecko,2025-09-19 16:55:24.471399
2025-09-01 19:03:15.291,2025-09-01,108805.92705885452,36946032722.240685,2165599672073.7397,coingecko,2025-09-19 16:55:24.471399
2025-09-01 20:02:21.473,2025-09-01,109093.75981654036,36288025415.475876,2171384171236.5955,coingecko,2025-09-19 16:55:24.471399
2025-09-01 21:00:34.233,2025-09-01,109035.84305435362,37681784866.612236,2170895056698.4014,coingecko,2025-09-19 16:55:24.471399
2025-09-01 22:02:49.312,2025-09-01,109120.00176174857,37973191179.64358,2169003911997.548,coingecko,2025-09-19 16:55:24.471399
2025-09-01 23:02:21.157,2025-09-01,108765.47559602367,37767899828.509384,2164398301560.2896,coingecko,2025-09-19 16:55:24.471399
2025-09-02 00:02:52.894,2025-09-02,108785.43945433143,37674181975.1417,2168164224101.5537,coingecko,2025-09-19 16:55:24.471399
2025-09-02 01:02:08.376,2025-09-02,108975.28057912663,38848511275.559296,2168607298427.0737,coingecko,2025-09-19 16:55:24.471399
2025-09-02 02:02:03.872,2025-09-02,109207.51781442288,38967802105.48368,2175276792174.6165,coingecko,2025-09-19 16:55:24.471399
2025-09-02 03:02:57.594,2025-09-02,109204.42725358241,39354256060.9119,2174725893045.4773,coingecko,2025-09-19 16:55:24.471399
2025-09-02 04:02:29.368,2025-09-02,108788.1369067164,39790930249.986115,2166811645315.5342,coingecko,2025-09-19 16:55:24.471399
2025-09-02 05:02:49.981,2025-09-02,107541.65849979663,41358098301.05116,2142561599960.66,coingecko,2025-09-19 16:55:24.471399
2025-09-02 06:02:16.249,2025-09-02,108482.11328514619,42682976305.36794,2158880764122.315,coingecko,2025-09-19 16:55:24.471399
2025-09-02 07:01:41.321,2025-09-02,109229.01454657852,42975514422.98866,2175226267318.8748,coingecko,2025-09-19 16:55:24.471399
2025-09-02 08:02:48.255,2025-09-02,108952.08689715006,42252631533.02217,2169771323824.0874,coingecko,2025-09-19 16:55:24.471399
2025-09-02 09:00:35.785,2025-09-02,109347.43818283039,42478070701.62437,2179419708722.1797,coingecko,2025-09-19 16:55:24.471399
2025-09-02 10:02:17.258,2025-09-02,110126.0261441361,41133474526.634155,2185829638163.5989,coingecko,2025-09-19 16:55:24.471399
2025-09-02 11:01:46.325,2025-09-02,110323.3499221054,41327857600.22205,2199049635845.2725,coingecko,2025-09-19 16:55:24.471399
2025-09-02 12:00:56.804,2025-09-02,110282.97208189468,43160571023.644066,2194868742311.615,coingecko,2025-09-19 16:55:24.471399
2025-09-02 13:01:47.793,2025-09-02,110199.68647261267,42486808818.20932,2195049921718.4666,coingecko,2025-09-19 16:55:24.471399
2025-09-02 14:02:46.343,2025-09-02,110380.87922012652,42909908661.92955,2198600420755.7793,coingecko,2025-09-19 16:55:24.471399
2025-09-02 15:02:20.751,2025-09-02,110240.90474210342,41440487238.99937,2193984617483.5286,coingecko,2025-09-19 16:55:24.471399
2025-09-02 16:02:42.812,2025-09-02,110501.87939511362,41126399730.895424,2202163512663.559,coingecko,2025-09-19 16:55:24.471399
2025-09-02 17:02:34.167,2025-09-02,110323.5694182885,40331103856.44672,2196816670342.173,coingecko,2025-09-19 16:55:24.471399
2025-09-02 18:02:50.170,2025-09-02,110224.18772803468,39453595624.584114,2194133593623.0369,coingecko,2025-09-19 16:55:24.471399
2025-09-02 19:03:14.011,2025-09-02,109726.00873584817,39792321232.210625,2185680333538.8562,coingecko,2025-09-19 16:55:24.471399
2025-09-02 20:01:48.742,2025-09-02,108798.9523326062,41230783413.90047,2163604334862.2593,coingecko,2025-09-19 16:55:24.471399
2025-09-02 21:02:41.038,2025-09-02,111179.85922212347,45601955229.269356,2212501551298.0596,coingecko,2025-09-19 16:55:24.471399
2025-09-02 22:03:03.871,2025-09-02,111219.97499967607,49060038252.72969,2217139171947.7993,coingecko,2025-09-19 16:55:24.471399
2025-09-02 23:02:53.325,2025-09-02,110752.34200139604,49852248517.37833,2204821561737.767,coingecko,2025-09-19 16:55:24.471399
2025-09-03 00:02:37.694,2025-09-03,110685.14905874166,51533866868.92299,2203458184031.72,coingecko,2025-09-19 16:55:24.471399
2025-09-03 01:02:36.531,2025-09-03,110911.5875191018,52393664887.324005,2208556379751.546,coingecko,2025-09-19 16:55:24.471399
2025-09-03 02:00:18.522,2025-09-03,110770.90169530436,53064032731.85176,2204820097110.308,coingecko,2025-09-19 16:55:24.471399
2025-09-03 03:02:29.676,2025-09-03,110752.30345394339,53691743130.36534,2204097457897.592,coingecko,2025-09-19 16:55:24.471399
2025-09-03 04:02:41.867,2025-09-03,111395.0416549949,53616442866.75391,2216882822427.5845,coingecko,2025-09-19 16:55:24.471399
2025-09-03 05:02:51.730,2025-09-03,111229.74542463121,52260332540.92811,2214892210735.3784,coingecko,2025-09-19 16:55:24.471399
2025-09-03 06:03:10.238,2025-09-03,111215.73957482145,51731867645.593094,2215028845461.464,coingecko,2025-09-19 16:55:24.471399
2025-09-03 07:02:05.883,2025-09-03,111190.18209845416,50235464642.845955,2212595221503.454,coingecko,2025-09-19 16:55:24.471399
2025-09-03 08:02:36.310,2025-09-03,111293.33020706818,51411197688.295265,2216874992792.729,coingecko,2025-09-19 16:55:24.471399
2025-09-03 09:06:24.653,2025-09-03,111258.43974877219,51045799449.48229,2214177973126.9087,coingecko,2025-09-19 16:55:24.471399
2025-09-03 10:02:54.300,2025-09-03,111449.58776719635,50339554440.62963,2217896706770.251,coingecko,2025-09-19 16:55:24.471399
2025-09-03 11:02:18.432,2025-09-03,111073.76440450834,48905037738.05066,2212465641317.08,coingecko,2025-09-19 16:55:24.471399
2025-09-03 12:02:04.872,2025-09-03,111022.13108320645,48453537307.840515,2211063047080.143,coingecko,2025-09-19 16:55:24.471399
2025-09-03 13:02:24.677,2025-09-03,110690.27811220792,48170243574.75439,2204707523378.1113,coingecko,2025-09-19 16:55:24.471399
2025-09-03 14:00:50.402,2025-09-03,110715.8475663248,48537235719.778854,2204861666882.9746,coingecko,2025-09-19 16:55:24.471399
2025-09-03 15:03:05.322,2025-09-03,111063.31054657558,48387859950.49874,2211325985259.9614,coingecko,2025-09-19 16:55:24.471399
2025-09-03 16:02:23.543,2025-09-03,111048.52630450387,47409668671.6099,2210477033081.936,coingecko,2025-09-19 16:55:24.471399
2025-09-03 17:01:38.723,2025-09-03,111220.79113440216,47524222577.74422,2214728800183.377,coingecko,2025-09-19 16:55:24.471399
2025-09-03 18:01:34.069,2025-09-03,111429.0149929462,47463914140.75814,2217831690193.1685,coingecko,2025-09-19 16:55:24.471399
2025-09-03 19:01:51.446,2025-09-03,111471.8919740125,46824208669.818794,2220338791634.3457,coingecko,2025-09-19 16:55:24.471399
2025-09-03 20:01:07.943,2025-09-03,111114.70760674683,44650050071.35739,2212040634460.9287,coingecko,2025-09-19 16:55:24.471399
2025-09-03 21:02:08.206,2025-09-03,111613.00928344786,41678089153.817184,2219205748782.638,coingecko,2025-09-19 16:55:24.471399
2025-09-03 22:02:18.752,2025-09-03,112237.33178864852,40965697600.60015,2234094900413.166,coingecko,2025-09-19 16:55:24.471399
2025-09-03 23:02:35.957,2025-09-03,112291.2372439524,40024806512.297,2234785554060.232,coingecko,2025-09-19 16:55:24.471399
2025-09-04 00:01:45.809,2025-09-04,111862.09489873982,38927035055.95668,2226786878355.3076,coingecko,2025-09-19 16:55:24.471399
2025-09-04 01:02:13.257,2025-09-04,112380.36963798928,39107707422.446625,2239127659120.9106,coingecko,2025-09-19 16:55:24.471399
2025-09-04 02:02:42.883,2025-09-04,111946.43532850184,38513091871.041245,2228556403162.9355,coingecko,2025-09-19 16:55:24.471399
2025-09-04 03:01:42.289,2025-09-04,112156.22411756216,37899748906.660835,2230126805824.1406,coingecko,2025-09-19 16:55:24.471399
2025-09-04 04:01:43.614,2025-09-04,112230.16036562622,37368750339.47778,2235074983257.769,coingecko,2025-09-19 16:55:24.471399
2025-09-04 05:02:36.107,2025-09-04,111983.70838738313,36983547604.365234,2230298928005.2275,coingecko,2025-09-19 16:55:24.471399
2025-09-04 06:00:51.790,2025-09-04,111953.69701327455,35815701332.95738,2228331346248.5483,coingecko,2025-09-19 16:55:24.471399
2025-09-04 07:02:12.999,2025-09-04,111751.64761020488,35744889958.41187,2225375143616.655,coingecko,2025-09-19 16:55:24.471399
2025-09-04 08:02:30.937,2025-09-04,112072.79984901128,35507094876.159225,2233858685538.814,coingecko,2025-09-19 16:55:24.471399
2025-09-04 09:02:39.714,2025-09-04,111853.88232508626,34821233328.577614,2227502676635.996,coingecko,2025-09-19 16:55:24.471399
2025-09-04 10:06:01.356,2025-09-04,111492.64500777487,34296026729.778328,2220402515732.4316,coingecko,2025-09-19 16:55:24.471399
2025-09-04 11:02:06.641,2025-09-04,111177.66463784108,34554673805.909584,2214143437577.2026,coingecko,2025-09-19 16:55:24.471399
2025-09-04 12:02:17.772,2025-09-04,111127.46726016133,35112664111.04018,2213940317623.1704,coingecko,2025-09-19 16:55:24.471399
2025-09-04 13:01:39.515,2025-09-04,110686.91790192894,36342875553.5102,2203597783780.88,coingecko,2025-09-19 16:55:24.471399
2025-09-04 14:01:57.946,2025-09-04,110409.54924363771,36128291652.460686,2199357913669.303,coingecko,2025-09-19 16:55:24.471399
2025-09-04 15:01:17.204,2025-09-04,110505.55001973202,36276949140.78687,2200665345850.1636,coingecko,2025-09-19 16:55:24.471399
2025-09-04 16:01:50.684,2025-09-04,110705.26361377492,36395455721.94865,2204049833437.889,coingecko,2025-09-19 16:55:24.471399
2025-09-04 17:00:46.715,2025-09-04,110805.39711272641,36297788281.80186,2207005835129.225,coingecko,2025-09-19 16:55:24.471399
2025-09-04 18:02:07.548,2025-09-04,110646.5304182009,36485315732.230125,2203565707322.4824,coingecko,2025-09-19 16:55:24.471399
2025-09-04 19:02:26.330,2025-09-04,110846.35249628387,36063388073.74252,2207487000959.044,coingecko,2025-09-19 16:55:24.471399
2025-09-04 20:02:04.928,2025-09-04,110785.36909714933,35360484735.18598,2206302030224.6045,coingecko,2025-09-19 16:55:24.471399
2025-09-04 21:02:50.366,2025-09-04,110448.69917910869,35334162966.84137,2200621286902.341,coingecko,2025-09-19 16:55:24.471399
2025-09-04 22:02:40.710,2025-09-04,109969.81043799862,35497795139.60502,2192469453133.1082,coingecko,2025-09-19 16:55:24.471399
2025-09-04 23:02:19.147,2025-09-04,109624.55017607489,35748504353.92695,2182484094365.281,coingecko,2025-09-19 16:55:24.471399
2025-09-05 00:02:06.619,2025-09-05,109497.72346906656,36124744077.64989,2179394978560.8477,coingecko,2025-09-19 16:55:24.471399
2025-09-05 01:01:55.923,2025-09-05,109803.09786995356,35850845547.280785,2187637547368.5713,coingecko,2025-09-19 16:55:24.471399
2025-09-05 02:02:32.833,2025-09-05,110023.3144941601,36276085165.40989,2193806912803.1497,coingecko,2025-09-19 16:55:24.471399
2025-09-05 03:02:18.203,2025-09-05,109873.8930916779,36457082321.1991,2186723070887.3225,coingecko,2025-09-19 16:55:24.471399
2025-09-05 04:02:37.381,2025-09-05,110403.23903480718,36649094667.6267,2197891025866.7295,coingecko,2025-09-19 16:55:24.471399
2025-09-05 05:02:18.060,2025-09-05,110542.44225608995,36630907974.85427,2201220074792.2144,coingecko,2025-09-19 16:55:24.471399
2025-09-05 06:01:18.591,2025-09-05,111490.51479289168,34059018537.82736,2218244727783.438,coingecko,2025-09-19 16:55:24.471399
2025-09-05 07:02:23.793,2025-09-05,110752.04142516552,38212967193.45803,2204703445449.3784,coingecko,2025-09-19 16:55:24.471399
2025-09-05 08:02:10.018,2025-09-05,110546.35219584999,38685929829.03398,2204343880311.4595,coingecko,2025-09-19 16:55:24.471399
2025-09-05 09:02:10.682,2025-09-05,111123.18893239835,38573284586.477776,2212729205872.9043,coingecko,2025-09-19 16:55:24.471399
2025-09-05 10:01:08.501,2025-09-05,111365.16616946645,39365765954.398,2218443377241.882,coingecko,2025-09-19 16:55:24.471399
2025-09-05 11:01:49.929,2025-09-05,111320.95589222391,38066054056.70661,2217090859418.668,coingecko,2025-09-19 16:55:24.471399
2025-09-05 12:02:29.608,2025-09-05,111443.83629951079,38544585266.21264,2219595850377.1167,coingecko,2025-09-19 16:55:24.471399
2025-09-05 13:02:29.751,2025-09-05,111562.752756278,38085323909.95735,2221933369870.153,coingecko,2025-09-19 16:55:24.471399
2025-09-05 14:01:50.932,2025-09-05,111900.94104148331,38071660662.56971,2227805133904.6743,coingecko,2025-09-19 16:55:24.471399
2025-09-05 15:01:21.653,2025-09-05,112964.68755449636,41636817232.30524,2249489427303.993,coingecko,2025-09-19 16:55:24.471399
2025-09-05 16:02:08.103,2025-09-05,112620.51184991721,42163714659.18779,2242956340451.1865,coingecko,2025-09-19 16:55:24.471399
2025-09-05 17:02:46.344,2025-09-05,112258.88398574904,42803620360.907196,2235618183812.8037,coingecko,2025-09-19 16:55:24.471399
2025-09-05 18:01:05.918,2025-09-05,112259.72880567885,43209266819.80015,2237153210314.8184,coingecko,2025-09-19 16:55:24.471399
2025-09-05 19:01:53.266,2025-09-05,112361.22450543038,42899424320.11482,2237807393217.14,coingecko,2025-09-19 16:55:24.471399
2025-09-05 20:01:41.629,2025-09-05,113225.00021261438,48174590378.96761,2254631607057.417,coingecko,2025-09-19 16:55:24.471399
2025-09-05 21:00:35.860,2025-09-05,113034.03215529391,51114731076.39385,2251301191528.428,coingecko,2025-09-19 16:55:24.471399
2025-09-05 22:02:24.774,2025-09-05,110514.16200241748,55135744608.14827,2204982240034.196,coingecko,2025-09-19 16:55:24.471399
2025-09-05 23:02:31.198,2025-09-05,110663.4511588435,55743674674.83194,2205960969886.734,coingecko,2025-09-19 16:55:24.471399
2025-09-06 00:01:41.538,2025-09-06,110781.59184322049,55325252108.37847,2205614823102.5596,coingecko,2025-09-19 16:55:24.471399
2025-09-06 01:02:09.092,2025-09-06,110611.41463627842,55378751317.60669,2201767259271.5195,coingecko,2025-09-19 16:55:24.471399
2025-09-06 02:00:22.497,2025-09-06,111192.72160309477,55354227177.276405,2216101318501.401,coingecko,2025-09-19 16:55:24.471399
2025-09-06 03:02:13.483,2025-09-06,111445.2502071209,55265116440.76801,2218945678859.411,coingecko,2025-09-19 16:55:24.471399
2025-09-06 04:01:36.455,2025-09-06,111619.38620235208,56294798104.610176,2222420183054.5176,coingecko,2025-09-19 16:55:24.471399
2025-09-06 05:01:14.446,2025-09-06,110624.30953942804,60026179765.83012,2203994368868.519,coingecko,2025-09-19 16:55:24.471399
2025-09-06 06:01:46.139,2025-09-06,110813.80860700153,57671348597.39009,2207362921500.6304,coingecko,2025-09-19 16:55:24.471399
2025-09-06 07:01:45.984,2025-09-06,110656.308978032,56279867722.83904,2204045604630.5625,coingecko,2025-09-19 16:55:24.471399
2025-09-06 08:01:46.826,2025-09-06,110782.9680650024,55910183111.029686,2206448689216.226,coingecko,2025-09-19 16:55:24.471399
2025-09-06 09:00:34.752,2025-09-06,110873.87504986444,55455746900.821976,2208267586551.412,coingecko,2025-09-19 16:55:24.471399
2025-09-06 10:00:04.301,2025-09-06,111103.49983851465,54295816799.40323,2212786259729.8345,coingecko,2025-09-19 16:55:24.471399
2025-09-06 11:01:28.975,2025-09-06,111070.9293275909,54533491619.667984,2211539745145.0894,coingecko,2025-09-19 16:55:24.471399
2025-09-06 12:02:29.789,2025-09-06,110856.40824808505,53616129175.04189,2209735179317.5923,coingecko,2025-09-19 16:55:24.471399
2025-09-06 13:02:30.726,2025-09-06,110725.91196503112,52338464271.293655,2205308414831.914,coingecko,2025-09-19 16:55:24.471399
2025-09-06 14:01:32.833,2025-09-06,110772.86794074306,52468079435.18894,2206321751685.535,coingecko,2025-09-19 16:55:24.471399
2025-09-06 15:00:18.841,2025-09-06,110817.2532145556,48616091927.56959,2207083687459.464,coingecko,2025-09-19 16:55:24.471399
2025-09-06 16:01:42.910,2025-09-06,110948.47286442367,46653323093.22982,2210073957165.2056,coingecko,2025-09-19 16:55:24.471399
2025-09-06 17:06:12.321,2025-09-06,110697.41836548288,45895052664.64397,2204725415805.036,coingecko,2025-09-19 16:55:24.471399
2025-09-06 18:02:05.458,2025-09-06,110766.63559733458,44820230415.71124,2205681180266.0264,coingecko,2025-09-19 16:55:24.471399
2025-09-06 19:05:43.984,2025-09-06,110770.07248515126,44459477448.36168,2206215893200.229,coingecko,2025-09-19 16:55:24.471399
2025-09-06 20:01:36.883,2025-09-06,110833.08962160254,38704981967.74746,2208135355033.7285,coingecko,2025-09-19 16:55:24.471399
2025-09-06 21:02:41.596,2025-09-06,110944.93163333445,34569889763.94294,2207694248123.636,coingecko,2025-09-19 16:55:24.471399
2025-09-06 22:02:18.567,2025-09-06,110832.31716394494,27598857485.673916,2207052479521.4795,coingecko,2025-09-19 16:55:24.471399
2025-09-06 23:02:46.462,2025-09-06,110417.35028698956,25700447380.075794,2199496963998.787,coingecko,2025-09-19 16:55:24.471399
2025-09-07 00:02:43.915,2025-09-07,110256.24911657201,26772458462.536053,2194822256372.9568,coingecko,2025-09-19 16:55:24.471399
2025-09-07 01:03:04.384,2025-09-07,110175.86574226645,25706003423.81639,2193981736298.4644,coingecko,2025-09-19 16:55:24.471399
2025-09-07 02:02:31.580,2025-09-07,110265.97583337485,25240147712.461895,2196520411807.7515,coingecko,2025-09-19 16:55:24.471399
2025-09-07 03:02:44.905,2025-09-07,110054.77331373848,23410399016.24091,2191980773998.4763,coingecko,2025-09-19 16:55:24.471399
2025-09-07 04:02:55.860,2025-09-07,110174.33371417443,22365801629.629494,2194426153739.3474,coingecko,2025-09-19 16:55:24.471399
2025-09-07 05:02:14.384,2025-09-07,110235.30370196157,19891442753.546387,2194894297802.4465,coingecko,2025-09-19 16:55:24.471399
2025-09-07 06:02:07.526,2025-09-07,110175.25026599839,19485066431.506992,2194132592996.3423,coingecko,2025-09-19 16:55:24.471399
2025-09-07 07:02:17.296,2025-09-07,110223.83395870344,19347672148.33057,2194991805899.4248,coingecko,2025-09-19 16:55:24.471399
2025-09-07 08:01:58.687,2025-09-07,110367.90950933227,19240307881.05413,2197895354084.5344,coingecko,2025-09-19 16:55:24.471399
2025-09-07 09:02:12.075,2025-09-07,110581.74308347162,19400177876.567787,2202523904756.5493,coingecko,2025-09-19 16:55:24.471399
2025-09-07 10:02:27.533,2025-09-07,110666.85100536971,19661219149.333897,2202408132672.368,coingecko,2025-09-19 16:55:24.471399
2025-09-07 11:02:46.700,2025-09-07,110619.14326203972,19301596873.710617,2203215847363.755,coingecko,2025-09-19 16:55:24.471399
2025-09-07 12:02:15.879,2025-09-07,110563.51042806412,19160352766.61847,2202043258749.9478,coingecko,2025-09-19 16:55:24.471399
2025-09-07 13:01:39.926,2025-09-07,110660.43142974885,19268019536.141872,2204081008329.8306,coingecko,2025-09-19 16:55:24.471399
2025-09-07 14:06:26.947,2025-09-07,110523.24469913781,19256214557.531918,2201080831652.5366,coingecko,2025-09-19 16:55:24.471399
2025-09-07 15:00:25.454,2025-09-07,110724.89293566853,20333740487.523045,2205449026864.7637,coingecko,2025-09-19 16:55:24.471399
2025-09-07 16:02:27.833,2025-09-07,111081.23400933287,21795550900.528606,2212542021729.9663,coingecko,2025-09-19 16:55:24.471399
2025-09-07 17:01:47.596,2025-09-07,111120.66444717823,22363390960.647243,2212464647719.063,coingecko,2025-09-19 16:55:24.471399
2025-09-07 18:02:40.755,2025-09-07,111233.74012205859,22620597540.48732,2214000232808.7754,coingecko,2025-09-19 16:55:24.471399
2025-09-07 19:02:11.486,2025-09-07,111280.13329637531,22693351671.805378,2215851207477.327,coingecko,2025-09-19 16:55:24.471399
2025-09-07 20:02:14.457,2025-09-07,111116.19537609039,22798556282.876648,2212992926397.976,coingecko,2025-09-19 16:55:24.471399
2025-09-07 21:00:44.693,2025-09-07,111202.50300098678,22839885033.798103,2214720947813.7554,coingecko,2025-09-19 16:55:24.471399
2025-09-07 22:02:54.926,2025-09-07,111118.80281737895,23210507598.653305,2213517945857.074,coingecko,2025-09-19 16:55:24.471399
2025-09-07 23:02:44.718,2025-09-07,111347.47926907448,22707578383.229313,2216210749411.1567,coingecko,2025-09-19 16:55:24.471399
2025-09-08 00:02:06.397,2025-09-08,111201.3073627705,21031718901.14799,2215408816436.6064,coingecko,2025-09-19 16:55:24.471399
2025-09-08 01:00:47.830,2025-09-08,110968.97113583378,21077256334.334625,2210364388548.7207,coingecko,2025-09-19 16:55:24.471399
2025-09-08 02:01:36.735,2025-09-08,111057.5596575689,21183633148.85097,2209689431376.4717,coingecko,2025-09-19 16:55:24.471399
2025-09-08 03:02:33.704,2025-09-08,111232.34796307397,21110412010.819794,2215450776619.8022,coingecko,2025-09-19 16:55:24.471399
2025-09-08 04:02:11.218,2025-09-08,111325.77408290895,21317052372.698402,2217339009426.298,coingecko,2025-09-19 16:55:24.471399
2025-09-08 05:05:31.023,2025-09-08,111096.43172052184,21271491889.944855,2211922988301.7183,coingecko,2025-09-19 16:55:24.471399
2025-09-08 06:02:14.758,2025-09-08,111271.50729228156,21459138328.813354,2215915986430.9673,coingecko,2025-09-19 16:55:24.471399
2025-09-08 07:02:07.086,2025-09-08,111133.09269636446,21988077810.186073,2213764479139.3647,coingecko,2025-09-19 16:55:24.471399
2025-09-08 08:01:38.575,2025-09-08,110836.31395611238,22779262875.978676,2210389436645.3896,coingecko,2025-09-19 16:55:24.471399
2025-09-08 09:02:40.459,2025-09-08,110858.36729079825,23312743691.560066,2208971495340.898,coingecko,2025-09-19 16:55:24.471399
2025-09-08 10:02:16.472,2025-09-08,111245.9380531357,23783939273.510925,2213084256524.0527,coingecko,2025-09-19 16:55:24.471399
2025-09-08 12:02:07.561,2025-09-08,110952.3755840546,25093707651.39224,2209924707464.6074,coingecko,2025-09-19 16:55:24.471399
2025-09-08 13:01:40.640,2025-09-08,111020.74120294617,25077337807.208366,2210489329575.556,coingecko,2025-09-19 16:55:24.471399
2025-09-08 14:02:31.739,2025-09-08,111150.0833279388,25002503890.298523,2213683919701.825,coingecko,2025-09-19 16:55:24.471399
2025-09-08 15:03:11.771,2025-09-08,111249.96720226432,25643053103.267696,2216139837455.6,coingecko,2025-09-19 16:55:24.471399
2025-09-08 16:02:09.078,2025-09-08,111630.32037940944,25947750847.363655,2223216961086.9717,coingecko,2025-09-19 16:55:24.471399
2025-09-08 17:01:05.734,2025-09-08,112045.71769353836,26973898736.619606,2230266214548.3535,coingecko,2025-09-19 16:55:24.471399
2025-09-08 18:01:59.697,2025-09-08,112019.40012143513,28051676353.453552,2231617421971.3765,coingecko,2025-09-19 16:55:24.471399
2025-09-08 19:02:32.891,2025-09-08,112071.36935811849,28753634662.115593,2232234541111.0664,coingecko,2025-09-19 16:55:24.471399
2025-09-08 20:01:22.509,2025-09-08,112024.44759077854,28815570715.281376,2231080691826.9136,coingecko,2025-09-19 16:55:24.471399
2025-09-08 21:02:36.256,2025-09-08,111996.26686941311,31034974436.0205,2234434970070.936,coingecko,2025-09-19 16:55:24.471399
2025-09-08 22:02:18.876,2025-09-08,112489.14407785248,32829126346.94566,2240299646985.959,coingecko,2025-09-19 16:55:24.471399
2025-09-08 23:04:02.848,2025-09-08,112601.63757963854,34512590778.7366,2243223351965.3677,coingecko,2025-09-19 16:55:24.471399
2025-09-09 00:02:50.366,2025-09-09,112434.7369592822,35280246316.75314,2239429185995.4136,coingecko,2025-09-19 16:55:24.471399
2025-09-09 01:01:44.037,2025-09-09,112206.36301124805,35654370162.469406,2234382365241.899,coingecko,2025-09-19 16:55:24.471399
2025-09-09 02:02:46.056,2025-09-09,112456.23416521978,36065437915.983536,2239855721488.9697,coingecko,2025-09-19 16:55:24.471399
2025-09-09 03:02:28.143,2025-09-09,112067.347001549,36462958354.82013,2232157976434.644,coingecko,2025-09-19 16:55:24.471399
2025-09-09 04:02:48.021,2025-09-09,112025.1685727209,36622800327.520905,2229989913291.328,coingecko,2025-09-19 16:55:24.471399
2025-09-09 05:02:49.617,2025-09-09,112273.04214360457,37435716033.792336,2236265680720.529,coingecko,2025-09-19 16:55:24.471399
2025-09-09 06:02:34.306,2025-09-09,112223.03656606357,37455213029.59858,2235157728344.891,coingecko,2025-09-19 16:55:24.471399
2025-09-09 07:00:42.077,2025-09-09,112025.12878118771,37159847899.8603,2231763512226.867,coingecko,2025-09-19 16:55:24.471399
2025-09-09 08:02:25.940,2025-09-09,111652.0713866927,37397075617.940674,2223921193215.7153,coingecko,2025-09-19 16:55:24.471399
2025-09-09 09:00:32.178,2025-09-09,111407.09074159958,37649577071.57709,2219402478359.0503,coingecko,2025-09-19 16:55:24.471399
2025-09-09 10:02:49.021,2025-09-09,111287.14885295804,38290383173.37138,2216872957725.678,coingecko,2025-09-19 16:55:24.471399
2025-09-09 11:02:39.597,2025-09-09,111702.97471470888,37921869431.4049,2224210973700.837,coingecko,2025-09-19 16:55:24.471399
2025-09-09 12:02:26.616,2025-09-09,112028.60805847727,38533245274.096085,2227896450626.2056,coingecko,2025-09-19 16:55:24.471399
2025-09-09 13:01:56.217,2025-09-09,112140.77309366502,39136969373.14936,2232649720471.2764,coingecko,2025-09-19 16:55:24.471399
2025-09-09 14:02:58.293,2025-09-09,113112.94201935548,41121725757.800415,2250069689814.452,coingecko,2025-09-19 16:55:24.471399
2025-09-09 15:02:03.129,2025-09-09,113070.31854691613,42320796290.59368,2250861688201.6816,coingecko,2025-09-19 16:55:24.471399
2025-09-09 16:03:15.191,2025-09-09,112951.8697006361,41757607589.55739,2249827834806.4517,coingecko,2025-09-19 16:55:24.471399
2025-09-09 17:02:53.726,2025-09-09,112921.314592305,40952314424.657425,2249389015482.738,coingecko,2025-09-19 16:55:24.471399
2025-09-09 18:06:41.451,2025-09-09,112717.27875782315,40438918723.15573,2245345087854.6865,coingecko,2025-09-19 16:55:24.471399
2025-09-09 19:00:40.406,2025-09-09,112500.52744001287,40322510845.64381,2242023190278.5757,coingecko,2025-09-19 16:55:24.471399
2025-09-09 20:01:58.540,2025-09-09,112676.69684972118,40704219432.97959,2244351213647.6597,coingecko,2025-09-19 16:55:24.471399
2025-09-09 21:01:28.094,2025-09-09,112774.8919592429,40173764386.15783,2248432394696.198,coingecko,2025-09-19 16:55:24.471399
2025-09-09 22:02:25.704,2025-09-09,111729.81552424721,42409238010.4897,2227081553713.8086,coingecko,2025-09-19 16:55:24.471399
2025-09-09 23:02:18.185,2025-09-09,110870.22649131795,43827326027.7457,2210971823931.013,coingecko,2025-09-19 16:55:24.471399
2025-09-10 00:02:20.509,2025-09-10,110976.01267464506,41964080078.288536,2210474265771.7515,coingecko,2025-09-19 16:55:24.471399
2025-09-10 01:01:50.813,2025-09-10,111031.54556997617,44643447645.77995,2211378170306.756,coingecko,2025-09-19 16:55:24.471399
2025-09-10 02:06:24.550,2025-09-10,111145.96752255705,44837927181.55925,2213961790276.7686,coingecko,2025-09-19 16:55:24.471399
2025-09-10 03:01:51.690,2025-09-10,111319.25301235504,43608542000.67873,2218027271257.959,coingecko,2025-09-19 16:55:24.471399
2025-09-10 04:02:28.074,2025-09-10,111359.19585339191,45499174158.74415,2217671099701.062,coingecko,2025-09-19 16:55:24.471399
2025-09-10 05:01:36.633,2025-09-10,111301.75137263995,45284255715.50244,2216630087272.097,coingecko,2025-09-19 16:55:24.471399
2025-09-10 06:02:13.353,2025-09-10,111518.10122362581,45424092678.953285,2221848405033.736,coingecko,2025-09-19 16:55:24.471399
2025-09-10 07:01:58.797,2025-09-10,111521.54423183508,45541394285.09113,2221227776260.477,coingecko,2025-09-19 16:55:24.471399
2025-09-10 08:02:21.837,2025-09-10,111062.11173220031,44978803418.54875,2210727193113.1157,coingecko,2025-09-19 16:55:24.471399
2025-09-10 09:01:45.193,2025-09-10,111023.09957073671,44626236787.933395,2210345839066.9517,coingecko,2025-09-19 16:55:24.471399
2025-09-10 10:00:35.162,2025-09-10,111397.55074284918,44660584625.431725,2218294994553.086,coingecko,2025-09-19 16:55:24.471399
2025-09-10 11:02:20.585,2025-09-10,111525.92713938442,44370196791.008965,2221453829116.814,coingecko,2025-09-19 16:55:24.471399
2025-09-10 12:01:39.509,2025-09-10,111521.6910568116,43934536585.05142,2222102159284.935,coingecko,2025-09-19 16:55:24.471399
2025-09-10 13:01:44.524,2025-09-10,111567.4027745938,44548341283.4381,2222001507535.7637,coingecko,2025-09-19 16:55:24.471399
2025-09-10 15:02:39.241,2025-09-10,112528.44834154386,43245970383.44663,2237964223644.431,coingecko,2025-09-19 16:55:24.471399
2025-09-10 16:02:37.039,2025-09-10,112363.70010957935,45835673354.145256,2237840707075.9585,coingecko,2025-09-19 16:55:24.471399
2025-09-10 17:04:31.275,2025-09-10,112249.77986728513,44897884525.894356,2235940487303.634,coingecko,2025-09-19 16:55:24.471399
2025-09-10 18:01:35.220,2025-09-10,112321.22186740591,44799883844.167,2237688490041.1646,coingecko,2025-09-19 16:55:24.471399
2025-09-10 19:02:35.564,2025-09-10,112255.32408911726,44940483568.56,2236151044535.1636,coingecko,2025-09-19 16:55:24.471399
2025-09-10 20:01:50.368,2025-09-10,113426.4487582137,51452890699.151825,2255352776564.3223,coingecko,2025-09-19 16:55:24.471399
2025-09-10 21:03:27.515,2025-09-10,113934.39669773277,51793903166.468666,2269352790536.374,coingecko,2025-09-19 16:55:24.471399
2025-09-10 22:02:56.153,2025-09-10,113891.18838609783,52033947424.315186,2270326731945.8867,coingecko,2025-09-19 16:55:24.471399
2025-09-10 23:02:47.240,2025-09-10,113903.95331929345,49641977902.90345,2268747807452.147,coingecko,2025-09-19 16:55:24.471399
2025-09-11 00:02:45.040,2025-09-11,113672.21437753727,49643553581.71262,2264159414333.3857,coingecko,2025-09-19 16:55:24.471399
2025-09-11 01:02:41.235,2025-09-11,113734.63302411242,50170441556.32816,2265584107899.2686,coingecko,2025-09-19 16:55:24.471399
2025-09-11 02:02:33.877,2025-09-11,113592.01651974638,50787900427.00627,2262649029844.1826,coingecko,2025-09-19 16:55:24.471399
2025-09-11 03:02:38.220,2025-09-11,113402.84560367846,51864103098.48528,2259364969271.678,coingecko,2025-09-19 16:55:24.471399
2025-09-11 04:02:43.267,2025-09-11,113625.82028845928,51951866216.179276,2263844969846.854,coingecko,2025-09-19 16:55:24.471399
2025-09-11 05:02:37.931,2025-09-11,113885.30512691998,51533670689.32447,2267607759718.7646,coingecko,2025-09-19 16:55:24.471399
2025-09-11 06:02:16.643,2025-09-11,113935.59752053465,51746634488.03162,2269495918048.567,coingecko,2025-09-19 16:55:24.471399
2025-09-11 07:02:24.417,2025-09-11,114000.12092296442,52047696607.98891,2270785850683.0293,coingecko,2025-09-19 16:55:24.471399
2025-09-11 08:02:22.679,2025-09-11,113898.88515467383,52049526397.57356,2268018045885.986,coingecko,2025-09-19 16:55:24.471399
2025-09-11 09:01:57.331,2025-09-11,113925.24673335499,51363112126.71929,2269323212887.074,coingecko,2025-09-19 16:55:24.471399
2025-09-11 10:01:16.610,2025-09-11,113851.68539357337,51035046351.914856,2267790495348.3423,coingecko,2025-09-19 16:55:24.471399
2025-09-11 11:01:45.613,2025-09-11,114419.6275852975,51568336264.120445,2276572253024.0244,coingecko,2025-09-19 16:55:24.471399
2025-09-11 12:01:42.786,2025-09-11,114167.93383345696,52660225486.65195,2273714206573.0635,coingecko,2025-09-19 16:55:24.471399
2025-09-11 13:01:38.161,2025-09-11,114273.22997057601,52805895542.127495,2276687194620.714,coingecko,2025-09-19 16:55:24.471399
2025-09-11 14:02:56.015,2025-09-11,114409.3605035541,52437078279.3295,2279242055295.8564,coingecko,2025-09-19 16:55:24.471399
2025-09-11 15:02:31.948,2025-09-11,114077.07046607311,51374613734.276115,2272213291952.6914,coingecko,2025-09-19 16:55:24.471399
2025-09-11 16:02:30.436,2025-09-11,114055.54421450144,49887935707.18387,2272363127166.995,coingecko,2025-09-19 16:55:24.471399
2025-09-11 17:00:58.161,2025-09-11,113916.23703791054,48591128752.32454,2269131322200.8022,coingecko,2025-09-19 16:55:24.471399
2025-09-11 18:02:33.513,2025-09-11,114074.88061462918,48023116856.1557,2272627043975.251,coingecko,2025-09-19 16:55:24.471399
2025-09-11 19:00:44.973,2025-09-11,114016.78333491352,48413045033.40435,2270703422516.776,coingecko,2025-09-19 16:55:24.471399
2025-09-11 20:00:11.356,2025-09-11,114045.24306152646,48341262504.78811,2272536098835.178,coingecko,2025-09-19 16:55:24.471399
2025-09-11 21:02:47.248,2025-09-11,114181.76302947623,45835923981.73499,2273429597800.0845,coingecko,2025-09-19 16:55:24.471399
2025-09-11 22:02:16.287,2025-09-11,114499.29484245343,46336762109.96738,2279660273152.5044,coingecko,2025-09-19 16:55:24.471399
2025-09-11 23:02:38.478,2025-09-11,114136.79634924185,46051715019.616745,2274287685500.023,coingecko,2025-09-19 16:55:24.471399
2025-09-12 00:00:16.404,2025-09-12,114499.52326893095,45496316499.198685,2280967431504.084,coingecko,2025-09-19 16:55:24.471399
2025-09-12 01:02:17.055,2025-09-12,114546.6290692586,44846968363.72728,2281315661735.9746,coingecko,2025-09-19 16:55:24.471399
2025-09-12 02:01:46.198,2025-09-12,114309.82612735903,44054219538.495605,2275539199037.8857,coingecko,2025-09-19 16:55:24.471399
2025-09-12 03:02:34.225,2025-09-12,114435.8890920037,43499749675.91096,2279326169972.23,coingecko,2025-09-19 16:55:24.471399
2025-09-12 04:02:41.482,2025-09-12,114402.34864966485,42186406288.7932,2278881525879.009,coingecko,2025-09-19 16:55:24.471399
2025-09-12 05:02:36.526,2025-09-12,114531.97774766892,42231783237.31435,2280993314592.6406,coingecko,2025-09-19 16:55:24.471399
2025-09-12 06:02:35.315,2025-09-12,115251.54504573994,43393437573.56153,2295845681715.2656,coingecko,2025-09-19 16:55:24.471399
2025-09-12 07:02:11.931,2025-09-12,115503.16663193036,43752917632.95067,2299764311655.674,coingecko,2025-09-19 16:55:24.471399
2025-09-12 08:00:47.600,2025-09-12,116083.02684089626,47006314447.44143,2315945789830.4043,coingecko,2025-09-19 16:55:24.471399
2025-09-12 09:02:39.108,2025-09-12,115541.43745371678,48176762392.79872,2302910490741.945,coingecko,2025-09-19 16:55:24.471399
2025-09-12 10:02:20.659,2025-09-12,115321.70299565145,49310735354.19669,2299596299684.7803,coingecko,2025-09-19 16:55:24.471399
2025-09-12 11:02:23.377,2025-09-12,115198.04689576305,49484083557.887856,2295138870194.161,coingecko,2025-09-19 16:55:24.471399
2025-09-12 12:02:00.681,2025-09-12,115430.88537282546,49223007403.148895,2298501887155.019,coingecko,2025-09-19 16:55:24.471399
2025-09-12 13:02:47.846,2025-09-12,115656.41297780728,49716272610.759,2303582766450.0186,coingecko,2025-09-19 16:55:24.471399
2025-09-12 14:03:05.554,2025-09-12,115339.65347651657,49380350028.38388,2296893948549.9297,coingecko,2025-09-19 16:55:24.471399
2025-09-12 15:02:37.781,2025-09-12,115143.92060273138,49958661649.62895,2293156405143.4966,coingecko,2025-09-19 16:55:24.471399
2025-09-12 16:02:44.701,2025-09-12,115090.51727175506,51590265196.06254,2292369656438.616,coingecko,2025-09-19 16:55:24.471399
2025-09-12 17:02:30.254,2025-09-12,114977.79702489631,51454762843.37338,2290229958319.334,coingecko,2025-09-19 16:55:24.471399
2025-09-12 18:02:25.697,2025-09-12,114970.87662702953,51138051983.7861,2290338188719.942,coingecko,2025-09-19 16:55:24.471399
2025-09-12 19:01:16.911,2025-09-12,114944.79334030187,51392091965.945694,2289576604539.2666,coingecko,2025-09-19 16:55:24.471399
2025-09-12 20:02:51.250,2025-09-12,115175.7456241166,47266042820.75881,2292815701824.6787,coingecko,2025-09-19 16:55:24.471399
2025-09-12 21:02:39.203,2025-09-12,115182.63512744215,46344725792.592834,2290392484600.3833,coingecko,2025-09-19 16:55:24.471399
2025-09-12 22:01:11.665,2025-09-12,115285.82631433172,43805069543.26806,2295981109078.7544,coingecko,2025-09-19 16:55:24.471399
2025-09-12 23:01:27.205,2025-09-12,115142.91591236314,43787039349.77964,2293954780065.2305,coingecko,2025-09-19 16:55:24.471399
2025-09-13 00:02:23.182,2025-09-13,115501.53307003953,44228270379.57474,2300107544781.987,coingecko,2025-09-19 16:55:24.471399
2025-09-13 01:02:48.958,2025-09-13,115870.54337234636,45853472829.52729,2309138172974.1587,coingecko,2025-09-19 16:55:24.471399
2025-09-13 02:02:23.134,2025-09-13,116488.13043144876,47639640170.23462,2319841817919.9414,coingecko,2025-09-19 16:55:24.471399
2025-09-13 03:03:27.777,2025-09-13,116704.71486571954,50163323989.10392,2323350591281.119,coingecko,2025-09-19 16:55:24.471399
2025-09-13 04:01:43.796,2025-09-13,116206.13807664244,51574037209.66879,2314835326552.509,coingecko,2025-09-19 16:55:24.471399
2025-09-13 05:00:21.908,2025-09-13,115951.31496911978,52235378768.63887,2309672647343.2266,coingecko,2025-09-19 16:55:24.471399
2025-09-13 06:02:39.610,2025-09-13,116094.98634284323,51462903459.96362,2311335480197.811,coingecko,2025-09-19 16:55:24.471399
2025-09-13 07:02:30.890,2025-09-13,116160.14344594491,51192951485.864395,2314347371939.946,coingecko,2025-09-19 16:55:24.471399
2025-09-13 08:02:40.260,2025-09-13,116299.90574103985,48147139362.012344,2316152437480.769,coingecko,2025-09-19 16:55:24.471399
2025-09-13 09:02:30.447,2025-09-13,115817.78761225037,47813937383.62305,2308350588427.5117,coingecko,2025-09-19 16:55:24.471399
2025-09-13 10:01:48.947,2025-09-13,115929.71072468456,46800124755.77798,2308965670250.9556,coingecko,2025-09-19 16:55:24.471399
2025-09-13 11:02:59.076,2025-09-13,115987.13156450838,47055114297.91255,2311003555788.1104,coingecko,2025-09-19 16:55:24.471399
2025-09-13 12:02:06.190,2025-09-13,115761.02619141128,46605177266.40548,2307014309635.954,coingecko,2025-09-19 16:55:24.471399
2025-09-13 13:02:31.028,2025-09-13,115744.35387449336,45919330748.24745,2305851658317.1313,coingecko,2025-09-19 16:55:24.471399
2025-09-13 14:03:11.576,2025-09-13,115790.53202643781,45758736912.356064,2306020513067.15,coingecko,2025-09-19 16:55:24.471399
2025-09-13 15:01:56.989,2025-09-13,115828.38046332698,44779235201.74647,2307261360676.0713,coingecko,2025-09-19 16:55:24.471399
2025-09-13 16:02:35.122,2025-09-13,116027.12405597334,43819984835.82638,2311585538194.1445,coingecko,2025-09-19 16:55:24.471399
2025-09-13 17:02:14.685,2025-09-13,116073.3506135664,43464807094.87435,2312221868654.4087,coingecko,2025-09-19 16:55:24.471399
2025-09-13 18:02:43.344,2025-09-13,116017.51962998649,43623617461.42896,2311809944540.5063,coingecko,2025-09-19 16:55:24.471399
2025-09-13 19:02:12.834,2025-09-13,116020.66710769299,42934882251.098724,2311082232015.2275,coingecko,2025-09-19 16:55:24.471399
2025-09-13 20:01:37.877,2025-09-13,116060.83417133584,41807169717.99939,2312100724979.875,coingecko,2025-09-19 16:55:24.471399
2025-09-13 21:02:14.948,2025-09-13,115768.32118748053,41714037284.562386,2306997752295.894,coingecko,2025-09-19 16:55:24.471399
2025-09-13 22:01:42.113,2025-09-13,115842.8482057885,40577501636.31029,2308411299764.3154,coingecko,2025-09-19 16:55:24.471399
2025-09-13 23:02:52.275,2025-09-13,115784.10669515507,40471018133.68665,2306505858648.8027,coingecko,2025-09-19 16:55:24.471399
2025-09-14 00:02:46.879,2025-09-14,115342.81410658239,42229979328.19011,2299242791162.118,coingecko,2025-09-19 16:55:24.471399
2025-09-14 01:02:54.699,2025-09-14,115567.65641109124,39118105161.7167,2303279666338.233,coingecko,2025-09-19 16:55:24.471399
2025-09-14 02:02:05.801,2025-09-14,115688.73490201971,36780065818.55725,2304530646673.805,coingecko,2025-09-19 16:55:24.471399
2025-09-14 03:01:54.246,2025-09-14,115837.62867738264,33937325651.704777,2307304468291.795,coingecko,2025-09-19 16:55:24.471399
2025-09-14 04:02:37.176,2025-09-14,115975.60665830794,32221220696.281986,2310209434771.114,coingecko,2025-09-19 16:55:24.471399
2025-09-14 05:03:07.780,2025-09-14,115902.80087265448,31686124383.11382,2308722179677.6055,coingecko,2025-09-19 16:55:24.471399
2025-09-14 06:02:14.659,2025-09-14,115914.67697398618,30611408283.074455,2309141518202.2163,coingecko,2025-09-19 16:55:24.471399
2025-09-14 07:01:52.178,2025-09-14,115974.8873939637,29926419199.882915,2310186995779.9624,coingecko,2025-09-19 16:55:24.471399
2025-09-14 08:03:41.245,2025-09-14,115972.63064708588,29257543245.062157,2310365211375.5503,coingecko,2025-09-19 16:55:24.471399
2025-09-14 09:02:45.664,2025-09-14,116020.94225644319,28385596759.163612,2311346677712.34,coingecko,2025-09-19 16:55:24.471399
2025-09-14 10:00:01.850,2025-09-14,115908.55482647114,27905464105.750793,2308747941918.525,coingecko,2025-09-19 16:55:24.471399
2025-09-14 11:02:34.025,2025-09-14,115771.51295218767,27074410013.745617,2306544159819.9966,coingecko,2025-09-19 16:55:24.471399
2025-09-14 12:01:42.725,2025-09-14,115806.95820776705,26688654812.575615,2307066918138.515,coingecko,2025-09-19 16:55:24.471399
2025-09-14 13:02:23.630,2025-09-14,115931.29222477932,26526546998.04295,2309385430297.576,coingecko,2025-09-19 16:55:24.471399
2025-09-14 14:02:27.439,2025-09-14,115782.5467124972,26052500287.489452,2306668467451.1997,coingecko,2025-09-19 16:55:24.471399
2025-09-14 15:02:56.063,2025-09-14,115800.96862956286,26294619162.387634,2306857464059.017,coingecko,2025-09-19 16:55:24.471399
2025-09-14 16:02:53.749,2025-09-14,115974.03122043426,25824418518.983032,2310398123020.5767,coingecko,2025-09-19 16:55:24.471399
2025-09-14 17:02:48.483,2025-09-14,116143.86978301249,25645447534.06462,2313343875131.394,coingecko,2025-09-19 16:55:24.471399
2025-09-14 18:02:41.958,2025-09-14,116069.58488194742,25339098638.977535,2312254195310.5405,coingecko,2025-09-19 16:55:24.471399
2025-09-14 19:02:43.745,2025-09-14,115882.85033622767,25544563541.34226,2307531523954.158,coingecko,2025-09-19 16:55:24.471399
2025-09-14 20:02:44.371,2025-09-14,115816.94199120873,25801853481.989372,2307157059814.655,coingecko,2025-09-19 16:55:24.471399
2025-09-14 21:03:03.108,2025-09-14,115335.02449154813,26500523287.13805,2297267323657.62,coingecko,2025-09-19 16:55:24.471399
2025-09-14 22:03:02.402,2025-09-14,115424.06207419037,27022097313.045414,2299721296818.7637,coingecko,2025-09-19 16:55:24.471399
2025-09-14 23:01:41.826,2025-09-14,115264.81046966574,27126518487.08089,2296394912763.448,coingecko,2025-09-19 16:55:24.471399
2025-09-15 00:06:25.299,2025-09-15,115525.17752438669,25794190939.555363,2301582899548.7754,coingecko,2025-09-19 16:55:24.471399
2025-09-15 01:01:42.783,2025-09-15,115618.63633362162,25683632141.11577,2303632519116.2305,coingecko,2025-09-19 16:55:24.471399
2025-09-15 02:02:37.860,2025-09-15,115440.71361146877,25350405820.19855,2299858502053.67,coingecko,2025-09-19 16:55:24.471399
2025-09-15 03:02:21.702,2025-09-15,115673.89884462305,25354505973.73003,2303717293688.279,coingecko,2025-09-19 16:55:24.471399
2025-09-15 04:01:05.532,2025-09-15,115854.91350751821,25168198213.51609,2307930612898.9966,coingecko,2025-09-19 16:55:24.471399
2025-09-15 05:02:42.564,2025-09-15,115965.65715814185,25226365370.478874,2311553752816.6123,coingecko,2025-09-19 16:55:24.471399
2025-09-15 06:02:29.909,2025-09-15,116031.2706523723,25807919933.674305,2311158136986.3833,coingecko,2025-09-19 16:55:24.471399
2025-09-15 07:02:16.596,2025-09-15,115278.55251586219,27220055788.518738,2298366422491.926,coingecko,2025-09-19 16:55:24.471399
2025-09-15 08:01:04.862,2025-09-15,115079.57387944871,28220847770.468597,2293012307283.411,coingecko,2025-09-19 16:55:24.471399
2025-09-15 09:00:40.747,2025-09-15,115221.82820884661,28864368636.141514,2295289760576.2773,coingecko,2025-09-19 16:55:24.471399
2025-09-15 10:02:45.175,2025-09-15,115416.66833998004,28861084755.55805,2299503883137.7207,coingecko,2025-09-19 16:55:24.471399
2025-09-15 11:01:18.993,2025-09-15,115501.3042235996,29021195184.166424,2302110434194.5825,coingecko,2025-09-19 16:55:24.471399
2025-09-15 12:03:09.463,2025-09-15,116039.88908636587,29713439847.194588,2312192071196.1743,coingecko,2025-09-19 16:55:24.471399
2025-09-15 13:02:04.567,2025-09-15,116552.24107354402,31275068229.252655,2321313468124.9424,coingecko,2025-09-19 16:55:24.471399
2025-09-15 14:02:40.860,2025-09-15,116168.09610340101,33001039126.227722,2313769578369.638,coingecko,2025-09-19 16:55:24.471399
2025-09-15 15:02:38.802,2025-09-15,115792.1934414128,34807335769.31358,2307790315867.252,coingecko,2025-09-19 16:55:24.471399
2025-09-15 16:03:10.656,2025-09-15,114850.5440850557,35041345893.44181,2290199244343.0796,coingecko,2025-09-19 16:55:24.471399
2025-09-15 17:02:53.047,2025-09-15,114911.21426941568,37547819500.401436,2290150729652.163,coingecko,2025-09-19 16:55:24.471399
2025-09-15 18:00:28.962,2025-09-15,114801.40925717361,38469742570.424126,2287229391839.1494,coingecko,2025-09-19 16:55:24.471399
2025-09-15 19:03:39.535,2025-09-15,115033.54381311937,39474621935.37945,2292735261567.807,coingecko,2025-09-19 16:55:24.471399
2025-09-15 20:01:24.790,2025-09-15,114744.92311789298,40016023763.74983,2285378689274.463,coingecko,2025-09-19 16:55:24.471399
2025-09-15 21:02:50.157,2025-09-15,114843.50523291624,41639020643.25443,2285067048332.5093,coingecko,2025-09-19 16:55:24.471399
2025-09-15 22:02:39.051,2025-09-15,114840.07931502667,42236995724.06903,2288587235725.216,coingecko,2025-09-19 16:55:24.471399
2025-09-15 23:03:04.032,2025-09-15,114798.22619184008,43334118302.919136,2284682439885.869,coingecko,2025-09-19 16:55:24.471399
